Image_No,Image_Name,Landslide,fallen_Tree,Struc_Damage,Garbage,Coverage,Visibility,Occlusion,Scene Context,Side,Distance
1,image_0001.jpg,1,0,0,0,3,3,2,3,1,1
2,image_0002.jpg,1,0,0,0,3,3,2,2,1,0
3,image_0003.jpg,1,0,0,0,3,3,2,3,0,1
4,image_0004.jpg,1,0,0,0,3,1,2,3,1,2
5,image_0005.jpg,1,0,0,0,3,3,2,3,2,1
6,image_0006.jpg,1,0,0,0,3,2,1,3,2,1
7,image_0007.jpg,1,0,0,0,3,1,1,3,2,2
8,image_0008.jpg,1,0,0,0,3,3,2,2,1,1
9,image_0009.jpg,1,0,0,0,3,3,2,2,1,1
10,image_0010.jpg,1,0,0,0,0,3,2,1,1,0
11,image_0011.jpg,1,0,0,0,2,3,3,1,2,0
12,image_0012.jpg,1,0,0,0,3,3,3,2,2,1
13,image_0013.jpg,1,0,0,0,2,3,3,1,2,0
14,image_0014.jpg,1,0,0,0,2,3,3,1,1,0
15,image_0015.jpg,1,0,0,0,2,3,2,1,0,0
16,image_0016.jpg,1,0,0,0,2,3,2,1,2,0
17,image_0017.jpg,1,0,0,0,3,3,3,2,2,1
18,image_0018.jpg,1,0,0,0,3,3,2,2,0,1
19,image_0019.jpg,1,0,0,0,3,3,3,2,1,1
20,image_0020.jpg,1,0,0,0,3,3,2,2,0,1
21,image_0021.jpg,1,0,0,0,1,3,2,1,2,0
22,image_0022.jpg,1,0,0,0,3,3,3,2,0,1
23,image_0023.jpg,1,0,0,0,3,3,3,2,0,1
24,image_0024.jpg,1,0,0,0,3,3,3,3,0,1
25,image_0025.jpg,1,0,0,0,3,3,3,2,0,1
26,image_0026.jpg,1,0,0,0,3,3,3,2,0,1
27,image_0027.jpg,1,0,0,0,3,3,3,3,0,2
28,image_0028.jpg,1,0,0,0,1,2,3,1,0,0
29,image_0029.jpg,1,1,0,0,0,1,3,1,0,0
30,image_0030.jpg,1,1,0,0,2,2,3,2,0,0
31,image_0031.jpg,1,1,0,0,1,2,3,1,0,0
32,image_0032.jpg,1,1,0,0,1,2,3,1,0,0
33,image_0033.jpg,1,0,0,0,1,2,3,1,0,0
34,image_0034.jpg,1,0,0,0,3,3,2,2,2,1
35,image_0035.jpg,1,0,0,0,2,3,2,1,2,0
36,image_0036.jpg,1,0,0,0,3,3,2,2,2,1
37,image_0037.jpg,1,1,0,0,3,2,1,3,1,1
38,image_0038.jpg,1,1,0,0,3,3,2,2,1,1
39,image_0039.jpg,1,1,0,0,3,3,2,2,1,1
40,image_0040.jpg,1,1,0,0,2,2,2,2,0,1
41,image_0041.jpg,1,0,0,0,1,2,3,1,1,0
42,image_0042.jpg,1,0,0,0,1,2,3,1,1,0
43,image_0043.jpg,1,0,0,1,3,3,3,3,1,1
44,image_0044.jpg,1,0,0,1,3,3,3,3,1,1
45,image_0045.jpg,1,0,0,1,2,3,3,1,1,0
46,image_0046.jpg,1,0,0,0,1,2,3,1,1,0
47,image_0047.jpg,1,0,0,0,1,2,3,1,1,0
48,image_0048.jpg,1,0,0,1,2,3,3,1,1,0
49,image_0049.jpg,1,0,0,1,3,3,3,3,1,1
50,image_0050.jpg,1,0,0,1,2,3,3,2,1,1
51,image_0051.jpg,1,0,0,1,2,3,3,2,1,1
52,image_0052.jpg,1,0,0,1,3,3,3,2,1,1
53,image_0053.jpg,1,0,0,1,3,3,3,2,1,1
54,image_0054.jpg,1,0,0,1,2,3,3,2,1,1
55,image_0055.jpg,1,0,0,0,1,1,2,0,1,0
56,image_0056.jpg,1,0,0,0,1,1,2,1,1,0
57,image_0057.jpg,1,1,0,0,3,3,3,2,2,1
58,image_0058.jpg,1,1,0,0,1,2,3,1,1,1
59,image_0059.jpg,1,1,0,0,2,3,3,1,1,0
60,image_0060.jpg,1,1,0,0,3,3,3,2,1,1
61,image_0061.jpg,1,1,0,0,2,3,3,2,2,1
62,image_0062.jpg,1,1,0,0,2,3,3,2,1,1
63,image_0063.jpg,1,1,0,0,3,3,3,3,1,1
64,image_0064.jpg,1,0,0,0,0,1,3,1,2,0
65,image_0065.jpg,1,0,0,0,0,2,3,0,1,0
66,image_0066.jpg,1,1,0,0,1,3,3,1,1,0
67,image_0067.jpg,1,1,0,0,1,3,3,1,0,0
68,image_0068.jpg,1,1,0,0,1,3,3,1,0,0
69,image_0069.jpg,1,1,0,0,1,2,3,1,1,0
70,image_0070.jpg,1,1,0,0,2,2,3,1,1,0
71,image_0071.jpg,1,0,0,0,3,0,2,2,2,2
72,image_0072.jpg,1,0,0,0,3,1,2,1,1,1
73,image_0073.jpg,1,0,0,0,3,0,2,2,2,2
74,image_0074.jpg,1,0,0,0,3,1,2,1,1,1
75,image_0075.jpg,1,0,0,0,1,2,3,1,1,0
76,image_0076.jpg,1,1,0,0,2,3,3,2,1,1
77,image_0077.jpg,1,1,0,0,3,3,3,2,1,2
78,image_0078.jpg,1,1,0,0,2,3,3,2,1,0
79,image_0079.jpg,1,1,0,0,3,3,3,2,1,1
80,image_0080.jpg,1,0,0,0,2,3,3,1,1,0
81,image_0081.jpg,1,0,0,0,2,3,3,1,1,0
82,image_0082.jpg,1,1,0,0,3,3,3,2,1,1
83,image_0083.jpg,1,0,0,0,2,3,3,1,1,0
84,image_0084.jpg,1,0,0,0,3,3,3,2,1,1
85,image_0085.jpg,1,1,0,0,3,3,3,2,0,1
86,image_0086.jpg,1,1,0,0,2,2,3,2,1,0
87,image_0087.jpg,1,1,0,0,3,2,3,2,1,1
88,image_0088.jpg,1,1,0,0,3,2,3,2,1,1
89,image_0089.jpg,1,0,0,0,3,3,3,2,1,1
90,image_0090.jpg,1,0,0,0,2,3,3,1,2,0
91,image_0091.jpg,1,0,0,0,2,3,3,1,2,0
92,image_0092.jpg,1,0,0,0,3,3,3,1,2,0
93,image_0093.jpg,1,0,0,0,2,3,3,1,1,1
94,image_0094.jpg,1,0,0,0,3,3,3,1,1,1
95,image_0095.jpg,1,1,0,0,3,3,3,1,1,0
96,image_0096.jpg,1,0,0,0,1,1,3,1,1,0
97,image_0097.jpg,1,0,0,0,2,3,3,1,1,0
98,image_0098.jpg,1,0,0,0,2,3,3,1,0,0
99,image_0099.jpg,1,0,0,0,3,3,3,2,0,1
100,image_0100.jpg,1,0,0,0,3,3,3,2,0,1
101,image_0101.jpg,1,0,0,0,3,3,3,2,0,1
102,image_0102.jpg,1,0,0,0,3,3,3,2,0,1
103,image_0103.jpg,1,0,0,0,3,3,3,2,1,1
104,image_0104.jpg,1,0,0,0,3,2,3,3,0,1
105,image_0105.jpg,1,0,0,0,3,2,3,3,0,1
106,image_0106.jpg,1,0,0,0,2,3,3,2,1,1
107,image_0107.jpg,1,0,0,0,1,2,3,2,1,0
108,image_0108.jpg,0,1,0,0,3,3,3,3,2,1
109,image_0109.jpg,0,1,0,0,2,3,3,1,1,1
110,image_0110.jpg,0,1,0,0,3,3,3,3,2,1
111,image_0111.jpg,0,1,0,0,3,3,3,3,3,2
112,image_0112.jpg,0,1,0,0,2,3,3,1,1,1
113,image_0113.jpg,0,1,0,0,3,3,3,2,1,0
114,image_0114.jpg,0,1,0,0,3,1,3,3,0,2
115,image_0115.jpg,0,1,0,0,3,3,3,1,1,0
116,image_0116.jpg,0,1,0,0,3,1,3,3,0,1
117,image_0117.jpg,1,1,0,0,3,2,2,3,2,2
118,image_0118.jpg,1,1,0,0,2,3,1,1,1,0
119,image_0119.jpg,1,1,0,0,3,3,2,1,1,1
120,image_0120.jpg,1,0,0,0,1,2,3,1,1,1
121,image_0121.jpg,1,1,0,0,3,2,1,3,1,1
122,image_0122.jpg,1,1,0,0,3,3,2,2,1,0
123,image_0123.jpg,1,1,0,0,3,2,1,3,1,2
124,image_0124.jpg,1,0,0,0,2,2,2,1,1,0
125,image_0125.jpg,1,1,0,0,1,2,1,1,1,0
126,image_0126.jpg,1,0,0,0,1,2,1,1,1,0
127,image_0127.jpg,1,1,0,0,2,3,1,1,1,1
128,image_0128.jpg,1,1,0,0,3,3,1,1,1,1
129,image_0129.jpg,1,0,0,0,3,3,3,3,2,1
130,image_0130.jpg,1,0,0,0,3,3,3,2,1,1
131,image_0131.jpg,1,0,0,0,3,3,3,2,1,1
132,image_0132.jpg,0,1,0,0,3,3,3,3,1,1
133,image_0133.jpg,0,1,0,0,3,3,3,1,1,0
134,image_0134.jpg,0,1,0,0,3,3,3,2,1,1
135,image_0135.jpg,1,1,0,0,2,2,3,1,2,1
136,image_0136.jpg,1,1,0,0,2,2,3,1,2,1
137,image_0137.jpg,1,0,0,0,3,3,2,2,1,1
138,image_0138.jpg,1,0,0,0,1,3,2,2,1,1
139,image_0139.jpg,1,0,0,0,2,3,2,1,2,1
140,image_0140.jpg,1,0,0,0,3,3,2,1,1,1
141,image_0141.jpg,1,0,0,0,1,3,2,1,1,0
142,image_0142.jpg,1,0,0,0,2,3,2,1,1,1
143,image_0143.jpg,1,0,0,0,1,2,2,0,1,0
144,image_0144.jpg,1,0,0,0,1,2,2,0,1,0
145,image_0145.jpg,1,0,0,0,1,2,2,0,1,0
146,image_0146.jpg,1,0,0,0,2,3,2,1,1,1
147,image_0147.jpg,1,0,0,0,1,3,2,1,1,1
148,image_0148.jpg,1,0,0,0,2,2,3,3,0,1
149,image_0149.jpg,1,0,0,0,2,3,3,1,1,0
150,image_0150.jpg,1,1,0,0,3,3,3,2,1,1
151,image_0151.jpg,1,1,0,0,3,3,3,3,1,1
152,image_0152.jpg,1,1,0,0,3,3,3,0,1,0
153,image_0153.jpg,1,1,0,0,3,3,3,2,1,1
154,image_0154.jpg,1,1,0,0,3,3,3,2,0,1
155,image_0155.jpg,1,1,0,0,2,3,3,0,1,0
156,image_0156.jpg,1,1,0,0,3,2,3,3,1,2
157,image_0157.jpg,1,1,0,0,3,2,3,3,0,2
158,image_0158.jpg,1,1,0,0,3,2,3,3,1,1
159,image_0159.jpg,1,0,0,0,3,1,3,3,2,2
160,image_0160.jpg,1,0,0,0,3,2,3,3,1,1
161,image_0161.jpg,1,0,0,0,3,2,3,1,1,1
162,image_0162.jpg,1,0,0,0,3,2,2,3,1,2
163,image_0163.jpg,1,0,0,0,3,2,2,2,1,1
164,image_0164.jpg,1,0,0,0,3,2,2,3,1,2
165,image_0165.jpg,1,0,0,0,2,2,3,1,1,0
166,image_0166.jpg,1,0,0,0,3,2,2,2,1,1
167,image_0167.jpg,1,0,0,0,2,2,3,0,1,0
168,image_0168.jpg,1,0,0,0,3,2,3,2,1,1
169,image_0169.jpg,1,0,0,0,2,2,3,1,1,1
170,image_0170.jpg,1,0,0,0,2,2,3,1,1,1
171,image_0171.jpg,1,0,0,0,3,2,3,2,1,1
172,image_0172.jpg,1,0,0,0,3,2,3,2,1,1
173,image_0173.jpg,1,0,0,0,1,2,3,0,1,0
174,image_0174.jpg,1,0,0,0,3,3,3,1,1,1
175,image_0175.jpg,1,0,0,0,3,3,3,3,1,1
176,image_0176.jpg,1,0,0,0,3,3,3,3,1,1
177,image_0177.jpg,1,0,0,0,3,3,3,1,1,1
178,image_0178.jpg,1,0,0,0,3,3,3,3,1,1
179,image_0179.jpg,1,0,0,0,3,3,3,1,1,1
180,image_0180.jpg,1,0,0,0,3,3,3,3,1,1
181,image_0181.jpg,1,0,0,0,3,3,3,1,1,1
182,image_0182.jpg,1,0,0,0,3,3,3,2,0,1
183,image_0183.jpg,1,0,0,0,3,3,3,2,0,1
184,image_0184.jpg,1,0,0,0,1,2,3,0,1,0
185,image_0185.jpg,1,1,0,0,3,3,3,3,1,2
186,image_0186.jpg,1,1,0,0,3,3,3,2,1,1
187,image_0187.jpg,1,0,0,0,2,2,2,3,2,2
188,image_0188.jpg,1,0,0,0,1,2,3,0,1,0
189,image_0189.jpg,1,0,0,0,1,2,3,0,1,0
190,image_0190.jpg,1,0,0,0,2,3,2,1,1,1
191,image_0191.jpg,1,0,0,0,2,3,2,1,1,1
192,image_0192.jpg,1,0,0,0,2,3,2,2,2,1
193,image_0193.jpg,1,0,0,0,2,3,2,1,1,1
194,image_0194.jpg,1,0,0,0,1,3,2,0,1,0
195,image_0195.jpg,1,0,0,0,2,3,2,2,2,1
196,image_0196.jpg,1,0,1,0,2,3,3,1,1,0
197,image_0197.jpg,1,0,1,0,2,3,3,1,1,0
198,image_0198.jpg,1,0,1,0,2,3,3,1,1,0
199,image_0199.jpg,1,0,1,0,2,3,3,1,1,0
200,image_0200.jpg,1,0,1,0,1,3,3,1,1,0
201,image_0201.jpg,1,0,1,0,0,2,3,0,1,0
202,image_0202.jpg,1,0,1,0,2,3,3,1,1,0
203,image_0203.jpg,1,0,1,0,2,3,3,1,1,0
204,image_0204.jpg,1,0,1,0,2,3,2,1,1,0
205,image_0205.jpg,1,0,1,0,2,3,2,1,1,0
206,image_0206.jpg,1,0,1,0,2,3,2,1,1,0
207,image_0207.jpg,1,0,0,0,1,2,3,0,1,0
208,image_0208.jpg,1,0,1,0,2,3,2,1,1,0
209,image_0209.jpg,1,0,1,0,1,3,2,1,1,0
210,image_0210.jpg,1,0,1,0,1,2,2,0,1,0
211,image_0211.jpg,1,0,0,0,1,2,2,0,1,0
212,image_0212.jpg,1,0,1,0,2,3,3,0,1,0
213,image_0213.jpg,1,0,1,0,2,3,3,0,1,0
214,image_0214.jpg,1,0,1,0,2,3,3,0,1,0
215,image_0215.jpg,0,0,0,0,3,3,3,0,1,0
216,image_0216.jpg,0,0,0,0,3,3,3,0,1,0
217,image_0217.jpg,0,0,0,0,3,3,3,0,1,1
218,image_0218.jpg,0,0,0,0,3,3,3,0,1,0
219,image_0219.jpg,0,1,0,0,3,1,3,2,1,1
220,image_0220.jpg,0,1,0,0,3,2,3,1,1,0
221,image_0221.jpg,0,1,0,0,3,3,3,3,1,1
222,image_0222.jpg,0,1,0,0,3,3,3,3,1,2
223,image_0223.jpg,0,1,0,0,3,3,3,3,1,1
224,image_0224.jpg,0,1,0,0,3,3,3,3,1,1
225,image_0225.jpg,0,1,0,0,3,3,3,3,1,1
226,image_0226.jpg,0,1,0,0,3,3,3,3,1,1
227,image_0227.jpg,1,0,0,0,2,1,1,1,1,1
228,image_0228.jpg,1,0,0,0,2,1,1,1,1,0
229,image_0229.jpg,1,0,0,0,2,1,1,0,1,0
230,image_0230.jpg,1,0,0,0,1,1,2,0,1,0
231,image_0231.jpg,1,0,0,0,2,2,3,0,1,0
232,image_0232.jpg,1,0,0,0,3,3,3,1,1,0
233,image_0233.jpg,1,0,0,0,2,2,3,0,1,0
234,image_0234.jpg,1,0,0,0,1,0,1,3,0,2
235,image_0235.jpg,1,0,0,0,1,1,1,1,0,1
236,image_0236.jpg,1,0,0,0,2,2,2,1,1,1
237,image_0237.jpg,1,0,0,0,2,2,3,0,1,0
238,image_0238.jpg,1,0,0,0,2,2,3,0,1,0
239,image_0239.jpg,1,0,0,0,3,3,3,3,1,1
240,image_0240.jpg,1,0,0,0,2,2,3,0,1,0
241,image_0241.jpg,1,0,0,0,3,2,2,0,1,0
242,image_0242.jpg,1,0,0,0,2,2,2,0,1,0
243,image_0243.jpg,0,1,0,0,3,1,3,3,1,2
244,image_0244.jpg,0,1,0,1,3,3,3,2,1,1
245,image_0245.jpg,0,1,0,1,2,2,3,1,1,0
246,image_0246.jpg,1,0,0,0,0,0,0,1,1,2
247,image_0247.jpg,1,0,0,0,2,3,3,1,1,0
248,image_0248.jpg,1,0,0,0,3,3,3,1,1,0
249,image_0249.jpg,0,1,0,0,3,3,3,2,1,1
250,image_0250.jpg,0,1,0,1,3,3,3,2,1,2
251,image_0251.jpg,1,0,0,0,3,3,3,1,1,0
252,image_0252.jpg,1,0,0,0,1,2,3,1,1,0
253,image_0253.jpg,1,0,0,0,3,2,3,1,1,0
254,image_0254.jpg,1,0,0,0,1,2,3,1,1,0
255,image_0255.jpg,1,0,0,0,1,2,3,1,1,0
256,image_0256.jpg,0,0,0,0,0,0,3,0,2,1
257,image_0257.jpg,0,0,0,0,0,0,3,0,2,0
258,image_0258.jpg,0,0,0,0,0,0,3,0,2,2
259,image_0259.jpg,0,0,0,0,0,0,3,0,2,1
260,image_0260.jpg,0,1,0,0,3,3,3,2,0,1
261,image_0261.jpg,0,1,0,0,3,3,3,2,0,1
262,image_0262.jpg,0,1,0,0,3,3,3,2,0,0
263,image_0263.jpg,0,1,0,0,3,3,3,1,0,0
264,image_0264.jpg,0,1,0,0,3,2,3,1,0,0
265,image_0265.jpg,0,1,0,0,2,2,3,1,2,1
266,image_0266.jpg,0,1,0,0,1,2,3,1,2,0
267,image_0267.jpg,0,1,0,0,3,2,3,2,2,2
268,image_0268.jpg,1,1,0,0,3,2,3,3,2,2
269,image_0269.jpg,0,1,0,0,2,3,3,2,2,1
270,image_0270.jpg,1,1,0,0,3,3,3,3,2,1
271,image_0271.jpg,1,1,0,0,3,3,3,3,2,1
272,image_0272.jpg,1,1,0,0,3,3,3,2,2,1
273,image_0273.jpg,0,1,0,0,2,3,3,1,1,0
274,image_0274.jpg,0,1,0,0,2,3,3,1,1,0
275,image_0275.jpg,1,1,0,0,3,3,3,3,2,2
276,image_0276.jpg,1,1,0,0,3,2,3,2,2,2
277,image_0277.jpg,1,1,0,0,3,1,3,3,1,2
278,image_0278.jpg,1,1,0,0,3,3,3,3,1,1
279,image_0279.jpg,1,1,0,0,3,3,3,2,1,1
280,image_0280.jpg,1,1,0,0,2,3,3,2,1,1
281,image_0281.jpg,1,1,0,0,1,3,3,1,1,1
282,image_0282.jpg,1,1,0,0,2,3,3,1,1,1
283,image_0283.jpg,0,1,0,0,2,2,3,2,2,1
284,image_0284.jpg,0,1,0,1,3,3,3,2,2,2
285,image_0285.jpg,0,1,0,1,3,3,3,3,2,2
286,image_0286.jpg,0,1,0,1,3,1,3,3,2,2
287,image_0287.jpg,0,1,0,1,2,3,3,1,2,0
288,image_0288.jpg,1,0,0,1,3,2,3,1,2,0
289,image_0289.jpg,1,0,0,1,2,3,3,1,2,0
290,image_0290.jpg,0,1,0,0,2,3,3,1,1,1
291,image_0291.jpg,0,1,0,0,1,2,3,1,1,1
292,image_0292.jpg,0,1,0,0,1,1,3,1,1,1
293,image_0293.jpg,0,1,0,0,2,2,3,2,1,2
294,image_0294.jpg,0,1,0,0,3,3,3,3,1,2
295,image_0295.jpg,0,1,0,0,2,3,3,1,1,1
296,image_0296.jpg,0,1,0,0,2,2,3,2,1,2
297,image_0297.jpg,1,0,0,0,2,2,3,1,1,1
298,image_0298.jpg,1,0,0,0,3,3,3,1,1,1
299,image_0299.jpg,0,1,0,0,3,2,3,2,1,2
300,image_0300.jpg,0,1,0,0,3,2,3,2,1,2
301,image_0301.jpg,1,1,0,0,2,1,3,2,0,2
302,image_0302.jpg,1,0,0,0,1,1,3,1,0,1
303,image_0303.jpg,1,0,0,0,1,1,3,2,0,2
304,image_0304.jpg,1,0,0,0,1,2,3,1,0,1
305,image_0305.jpg,1,0,0,0,1,1,3,1,0,0
306,image_0306.jpg,0,1,0,0,1,2,3,1,1,0
307,image_0307.jpg,1,1,0,0,1,2,3,1,0,0
308,image_0308.jpg,1,1,0,0,2,2,3,2,0,1
309,image_0309.jpg,1,1,0,0,2,3,3,1,0,0
310,image_0310.jpg,1,0,0,0,1,2,3,1,2,0
311,image_0311.jpg,1,0,0,0,1,2,3,1,2,1
312,image_0312.jpg,1,1,0,0,2,2,2,2,2,1
313,image_0313.jpg,1,1,0,0,2,2,2,1,2,0
314,image_0314.jpg,1,1,0,0,2,2,2,1,2,0
315,image_0315.jpg,1,1,0,0,2,2,2,1,2,0
316,image_0316.jpg,1,1,0,0,2,2,2,2,2,1
317,image_0317.jpg,1,1,0,0,2,2,2,2,2,1
318,image_0318.jpg,1,1,0,0,2,2,2,2,2,1
319,image_0319.jpg,1,0,0,0,1,1,3,1,2,1
320,image_0320.jpg,1,0,0,0,1,1,3,1,0,0
321,image_0321.jpg,1,0,0,0,1,1,3,1,0,0
322,image_0322.jpg,1,0,0,0,2,0,3,1,1,0
323,image_0323.jpg,1,0,0,0,3,0,3,2,1,2
324,image_0324.jpg,1,0,0,0,3,0,3,1,1,1
325,image_0325.jpg,1,0,0,0,3,2,3,2,1,0
326,image_0326.jpg,1,0,0,0,3,2,3,2,1,1
327,image_0327.jpg,1,0,0,0,3,2,3,1,1,0
328,image_0328.jpg,1,0,0,0,3,2,3,1,1,0
329,image_0329.jpg,0,1,0,0,3,1,3,2,1,2
330,image_0330.jpg,0,1,0,0,3,1,3,2,1,2
331,image_0331.jpg,0,1,0,0,3,1,3,2,1,2
332,image_0332.jpg,0,1,0,0,1,1,3,2,1,2
333,image_0333.jpg,0,1,0,0,3,2,3,2,1,2
334,image_0334.jpg,1,1,0,0,2,1,2,1,0,1
335,image_0335.jpg,1,1,0,0,2,1,2,1,0,2
336,image_0336.jpg,1,0,0,0,1,2,3,1,1,0
337,image_0337.jpg,1,0,0,0,2,2,3,1,1,0
338,image_0338.jpg,1,0,0,0,3,3,3,2,1,1
339,image_0339.jpg,1,0,0,0,1,1,3,0,1,0
340,image_0340.jpg,1,0,0,0,2,2,3,1,1,0
341,image_0341.jpg,1,0,0,0,2,2,3,1,1,0
342,image_0342.jpg,1,0,0,0,3,2,3,1,1,1
343,image_0343.jpg,1,0,0,0,3,2,3,1,1,0
344,image_0344.jpg,1,0,0,0,3,2,3,1,1,0
345,image_0345.jpg,1,0,0,0,3,2,3,1,1,0
346,image_0346.jpg,0,1,0,1,3,3,3,2,1,1
347,image_0347.jpg,1,1,1,1,3,3,3,2,1,1
348,image_0348.jpg,1,1,1,1,3,3,3,2,1,1
349,image_0349.jpg,1,1,1,1,3,3,3,2,1,1
350,image_0350.jpg,1,1,0,1,3,3,3,1,1,0
351,image_0351.jpg,1,1,1,1,3,3,3,2,1,1
352,image_0352.jpg,0,1,0,1,1,1,3,1,1,0
353,image_0353.jpg,1,1,1,1,3,3,3,2,1,1
354,image_0354.jpg,0,1,0,1,3,3,3,2,1,1
355,image_0355.jpg,0,1,0,1,1,1,3,1,1,0
356,image_0356.jpg,0,1,0,1,1,1,3,1,1,0
357,image_0357.jpg,1,1,1,1,3,2,3,1,1,1
358,image_0358.jpg,1,1,0,1,2,2,3,1,0,0
359,image_0359.jpg,1,1,0,1,3,3,3,1,0,1
360,image_0360.jpg,1,1,0,1,3,3,3,1,0,1
361,image_0361.jpg,1,1,0,1,3,3,3,1,0,1
362,image_0362.jpg,0,0,0,1,3,2,3,1,0,2
363,image_0363.jpg,0,0,0,1,3,2,3,1,0,2
364,image_0364.jpg,0,1,0,1,3,2,3,1,2,2
365,image_0365.jpg,0,1,0,1,3,2,3,1,2,2
366,image_0366.jpg,0,1,0,1,3,2,3,1,0,2
367,image_0367.jpg,0,1,0,1,2,2,3,1,1,1
368,image_0368.jpg,0,1,0,1,2,2,3,1,2,1
369,image_0369.jpg,0,1,0,1,2,2,3,1,2,1
370,image_0370.jpg,1,1,0,1,1,2,1,2,0,2
371,image_0371.jpg,1,1,0,1,1,2,1,2,0,2
372,image_0372.jpg,1,1,0,1,1,2,1,2,0,2
373,image_0373.jpg,0,0,1,1,2,2,1,1,2,2
374,image_0374.jpg,1,1,0,1,2,2,2,2,0,2
375,image_0375.jpg,1,1,0,1,2,2,2,2,0,2
376,image_0376.jpg,0,1,0,1,2,2,2,1,2,1
377,image_0377.jpg,0,1,0,1,2,2,2,1,0,1
378,image_0378.jpg,0,0,1,1,2,2,3,1,1,1
379,image_0379.jpg,0,0,1,1,3,2,2,2,1,2
380,image_0380.jpg,0,1,1,1,2,2,2,2,2,2
381,image_0381.jpg,0,1,0,1,2,2,2,1,0,2
382,image_0382.jpg,0,1,0,1,3,2,2,1,0,1
383,image_0383.jpg,0,0,0,1,2,3,3,1,1,1
384,image_0384.jpg,0,1,0,1,2,2,2,1,2,1
385,image_0385.jpg,0,1,0,1,2,2,2,2,2,1
386,image_0386.jpg,0,1,0,1,1,2,2,1,2,1
387,image_0387.jpg,0,1,0,1,3,2,3,1,0,2
388,image_0388.jpg,0,1,0,1,3,2,3,1,0,2
389,image_0389.jpg,1,1,1,1,2,2,1,1,0,2
390,image_0390.jpg,1,1,0,0,2,3,3,1,1,0
391,image_0391.jpg,1,1,0,0,3,3,3,2,1,1
392,image_0392.jpg,1,1,0,0,3,3,3,2,1,1
393,image_0393.jpg,1,1,0,0,3,3,3,2,1,2
394,image_0394.jpg,1,1,0,0,3,3,3,2,1,1
395,image_0395.jpg,1,1,0,0,3,3,3,2,1,1
396,image_0396.jpg,1,1,0,0,3,3,3,2,1,1
397,image_0397.jpg,1,1,0,0,3,3,3,2,1,1
398,image_0398.jpg,1,1,0,0,2,3,3,1,0,0
399,image_0399.jpg,1,1,0,0,3,3,3,2,0,2
400,image_0400.jpg,1,1,0,0,2,3,3,1,1,0
401,image_0401.jpg,1,1,0,0,2,3,3,1,1,0
402,image_0402.jpg,0,1,0,0,3,3,3,2,1,1
403,image_0403.jpg,0,1,0,0,3,3,3,3,1,2
404,image_0404.jpg,0,1,0,0,2,3,3,1,1,0
405,image_0405.jpg,1,1,0,0,3,3,3,2,1,1
406,image_0406.jpg,1,1,0,0,2,3,3,1,1,0
407,image_0407.jpg,1,1,0,0,2,3,3,1,1,0
408,image_0408.jpg,1,1,0,0,2,3,3,1,0,0
409,image_0409.jpg,1,1,0,0,1,3,3,1,0,0
410,image_0410.jpg,1,1,0,0,2,3,3,2,1,1
411,image_0411.jpg,1,1,0,0,3,3,3,2,0,1
412,image_0412.jpg,1,1,0,0,3,3,3,3,0,2
413,image_0413.jpg,1,1,0,0,3,3,3,2,0,1
414,image_0414.jpg,1,1,0,0,1,3,3,1,1,0
415,image_0415.jpg,1,1,0,0,1,3,3,1,1,0
416,image_0416.jpg,1,1,0,0,1,3,3,1,1,0
417,image_0417.jpg,1,1,0,0,3,3,3,2,0,1
418,image_0418.jpg,1,1,0,0,3,3,3,3,0,2
419,image_0419.jpg,0,1,0,1,3,3,3,2,0,1
420,image_0420.jpg,0,1,0,1,3,3,3,2,0,1
421,image_0421.jpg,0,1,0,1,2,3,3,1,0,1
422,image_0422.jpg,0,1,0,1,1,3,3,1,0,0
423,image_0423.jpg,0,1,0,1,2,1,3,1,2,0
424,image_0424.jpg,0,1,0,1,2,1,3,1,1,0
425,image_0425.jpg,0,1,0,1,2,3,3,1,0,1
426,image_0426.jpg,0,1,0,1,2,3,3,1,1,0
427,image_0427.jpg,0,1,0,1,3,3,3,2,1,1
428,image_0428.jpg,0,1,0,1,2,3,3,1,1,0
429,image_0429.jpg,0,1,0,1,2,1,3,1,1,1
430,image_0430.jpg,0,1,0,1,2,2,3,2,1,2
431,image_0431.jpg,0,1,0,1,2,2,2,1,0,2
432,image_0432.jpg,0,1,0,1,2,2,3,1,0,1
433,image_0433.jpg,0,1,0,1,2,3,3,1,0,1
434,image_0434.jpg,0,1,0,1,2,3,3,1,0,1
435,image_0435.jpg,0,1,0,1,2,1,3,1,2,1
436,image_0436.jpg,0,1,0,1,2,1,3,2,2,2
437,image_0437.jpg,1,1,0,0,3,3,1,2,1,1
438,image_0438.jpg,1,1,0,0,3,3,1,1,1,1
439,image_0439.jpg,1,1,0,1,2,3,2,2,1,1
440,image_0440.jpg,1,1,0,1,2,3,3,1,0,1
441,image_0441.jpg,1,0,0,0,1,3,3,2,2,1
442,image_0442.jpg,1,0,0,0,2,3,3,2,2,0
443,image_0443.jpg,0,1,1,1,2,2,2,1,1,2
444,image_0444.jpg,1,0,0,0,3,3,3,2,1,2
445,image_0445.jpg,0,1,0,1,2,1,3,3,0,2
446,image_0446.jpg,0,1,0,1,3,1,3,3,0,2
447,image_0447.jpg,1,1,0,0,1,1,1,2,2,2
448,image_0448.jpg,1,1,0,0,1,1,1,1,2,1
449,image_0449.jpg,1,1,0,0,1,1,1,2,2,2
450,image_0450.jpg,1,1,0,0,1,1,1,2,0,1
451,image_0451.jpg,1,1,0,0,1,1,1,2,0,1
452,image_0452.jpg,1,1,0,0,1,1,1,3,0,1
453,image_0453.jpg,0,1,0,0,1,1,1,2,0,2
454,image_0454.jpg,1,0,0,0,3,3,2,3,0,2
455,image_0455.jpg,1,0,0,0,3,3,2,3,0,2
456,image_0456.jpg,1,0,0,0,3,1,3,1,1,1
457,image_0457.jpg,1,0,0,0,3,1,3,1,2,1
458,image_0458.jpg,1,0,0,0,3,1,3,3,1,2
459,image_0459.jpg,0,0,1,0,1,1,1,3,1,2
460,image_0460.jpg,0,0,1,0,2,2,1,2,1,0
461,image_0461.jpg,0,0,1,0,1,1,1,3,1,2
462,image_0462.jpg,0,0,1,0,1,1,1,3,1,2
463,image_0463.jpg,0,0,1,0,2,2,1,2,1,0
464,image_0464.jpg,1,0,0,0,2,2,3,1,1,0
465,image_0465.jpg,1,0,0,0,3,2,3,2,1,2
466,image_0466.jpg,1,0,0,0,3,2,3,1,1,1
467,image_0467.jpg,0,0,0,0,3,2,3,1,0,1
468,image_0468.jpg,0,0,0,0,3,1,3,3,0,2
469,image_0469.jpg,0,0,0,0,3,1,3,3,1,2
470,image_0470.jpg,0,0,0,0,3,2,3,1,1,1
471,image_0471.jpg,0,0,0,0,3,2,3,1,2,1
472,image_0472.jpg,0,0,0,0,3,1,3,2,2,2
473,image_0473.jpg,0,0,0,0,3,2,3,1,1,1
474,image_0474.jpg,1,0,0,0,2,1,2,1,1,0
475,image_0475.jpg,1,0,0,0,2,1,2,2,1,2
476,image_0476.jpg,1,0,0,0,3,1,0,1,0,1
477,image_0477.jpg,1,0,0,0,3,1,0,3,0,2
478,image_0478.jpg,0,0,0,0,2,1,3,1,1,0
479,image_0479.jpg,1,0,0,0,2,1,0,1,0,1
480,image_0480.jpg,0,0,0,0,2,1,1,1,1,0
481,image_0481.jpg,1,0,0,0,2,1,0,2,1,2
482,image_0482.jpg,0,0,0,0,2,1,2,1,1,0
483,image_0483.jpg,1,0,0,0,2,1,1,1,1,1
484,image_0484.jpg,0,0,0,0,1,1,2,1,1,0
485,image_0485.jpg,0,0,0,0,3,1,3,2,1,1
486,image_0486.jpg,0,0,0,0,3,1,3,3,1,2
487,image_0487.jpg,0,0,0,0,3,1,3,2,1,1
488,image_0488.jpg,0,0,0,0,3,1,3,1,1,0
489,image_0489.jpg,1,1,1,0,2,1,1,2,1,1
490,image_0490.jpg,1,1,1,0,2,1,2,1,1,0
491,image_0491.jpg,1,1,1,0,2,1,2,1,1,0
492,image_0492.jpg,1,1,1,0,2,1,1,2,1,1
493,image_0493.jpg,1,1,1,0,2,1,2,1,1,0
494,image_0494.jpg,0,1,1,0,1,2,2,1,1,0
495,image_0495.jpg,1,1,1,0,2,2,2,1,1,1
496,image_0496.jpg,0,1,1,0,1,2,2,1,1,0
497,image_0497.jpg,1,0,1,0,2,1,1,1,2,1
498,image_0498.jpg,1,0,1,0,3,1,2,2,2,2
499,image_0499.jpg,1,0,1,0,1,1,1,1,1,0
500,image_0500.jpg,1,1,0,0,2,2,1,1,2,1
501,image_0501.jpg,1,1,0,0,1,2,3,1,1,1
502,image_0502.jpg,1,1,0,0,1,2,3,1,1,1
503,image_0503.jpg,1,0,1,0,3,1,2,2,2,2
504,image_0504.jpg,1,1,1,0,2,1,2,1,1,1
505,image_0505.jpg,1,1,1,0,2,1,2,2,1,2
506,image_0506.jpg,1,1,1,0,3,1,1,2,1,2
507,image_0507.jpg,1,1,1,0,1,2,2,1,1,0
508,image_0508.jpg,1,1,0,0,3,1,1,2,1,2
509,image_0509.jpg,1,1,0,0,3,1,1,2,1,1
510,image_0510.jpg,1,1,0,0,3,1,1,2,1,1
511,image_0511.jpg,1,1,0,0,3,1,1,2,1,2
512,image_0512.jpg,1,0,1,0,1,1,1,1,1,0
513,image_0513.jpg,1,0,1,0,1,1,1,1,1,0
514,image_0514.jpg,0,1,1,0,1,2,2,1,1,0
515,image_0515.jpg,0,1,0,0,2,2,2,1,1,0
516,image_0516.jpg,0,1,0,0,2,2,2,2,1,1
517,image_0517.jpg,0,1,0,0,2,2,2,2,1,2
518,image_0518.jpg,1,1,1,0,2,2,2,2,1,1
519,image_0519.jpg,1,1,1,0,2,2,2,1,1,1
520,image_0520.jpg,0,1,1,1,2,3,3,1,1,1
521,image_0521.jpg,0,1,0,0,1,1,3,1,1,0
522,image_0522.jpg,1,1,1,1,2,2,3,2,1,1
523,image_0523.jpg,1,1,1,1,2,2,3,2,1,2
524,image_0524.jpg,1,1,1,1,2,2,3,3,1,2
525,image_0525.jpg,1,1,1,1,2,2,3,2,1,1
526,image_0526.jpg,1,1,1,1,2,2,3,2,1,2
527,image_0527.jpg,1,1,1,1,2,2,3,2,1,0
528,image_0528.jpg,1,1,1,0,3,1,2,3,1,2
529,image_0529.jpg,1,1,1,0,3,1,3,3,2,2
530,image_0530.jpg,1,1,1,1,2,2,3,2,1,2
531,image_0531.jpg,1,1,1,1,1,2,3,1,1,0
532,image_0532.jpg,0,1,0,0,1,2,1,1,1,0
533,image_0533.jpg,1,1,0,0,2,3,2,2,1,1
534,image_0534.jpg,1,1,0,0,3,3,2,3,1,2
535,image_0535.jpg,0,1,0,0,1,2,1,1,1,0
536,image_0536.jpg,1,0,0,0,2,3,2,1,2,1
537,image_0537.jpg,1,0,0,0,2,3,2,2,2,1
538,image_0538.jpg,1,0,0,0,1,1,2,1,2,0
539,image_0539.jpg,1,0,0,0,1,2,2,1,1,0
540,image_0540.jpg,1,0,0,0,1,2,2,1,1,1
541,image_0541.jpg,1,0,0,0,1,2,2,2,1,2
542,image_0542.jpg,1,0,0,0,1,2,2,1,1,0
543,image_0543.jpg,1,1,1,0,3,2,2,3,1,2
544,image_0544.jpg,1,1,0,0,2,1,2,1,1,0
545,image_0545.jpg,1,1,0,0,2,1,2,1,1,0
546,image_0546.jpg,1,0,0,0,2,2,3,1,2,1
547,image_0547.jpg,1,0,0,0,2,2,3,1,2,1
548,image_0548.jpg,1,0,0,0,2,2,3,1,2,1
549,image_0549.jpg,1,0,0,0,1,3,3,1,2,0
550,image_0550.jpg,1,0,0,0,1,3,3,1,2,0
551,image_0551.jpg,,,,,,,,,,
552,image_0552.jpg,,,,,,,,,,
553,image_0553.jpg,,,,,,,,,,
554,image_0554.jpg,,,,,,,,,,
555,image_0555.jpg,,,,,,,,,,
556,image_0556.jpg,,,,,,,,,,
557,image_0557.jpg,,,,,,,,,,
558,image_0558.jpg,,,,,,,,,,
559,image_0559.jpg,,,,,,,,,,
560,image_0560.jpg,,,,,,,,,,
561,image_0561.jpg,,,,,,,,,,
562,image_0562.jpg,,,,,,,,,,
563,image_0563.jpg,,,,,,,,,,
564,image_0564.jpg,,,,,,,,,,
565,image_0565.jpg,,,,,,,,,,
566,image_0566.jpg,,,,,,,,,,
567,image_0567.jpg,,,,,,,,,,
568,image_0568.jpg,,,,,,,,,,
569,image_0569.jpg,,,,,,,,,,
570,image_0570.jpg,,,,,,,,,,
571,image_0571.jpg,,,,,,,,,,
572,image_0572.jpg,,,,,,,,,,
573,image_0573.jpg,,,,,,,,,,
574,image_0574.jpg,,,,,,,,,,
575,image_0575.jpg,,,,,,,,,,
576,image_0576.jpg,,,,,,,,,,
577,image_0577.jpg,,,,,,,,,,
578,image_0578.jpg,,,,,,,,,,
579,image_0579.jpg,,,,,,,,,,
580,image_0580.jpg,,,,,,,,,,
581,image_0581.jpg,,,,,,,,,,
582,image_0582.jpg,,,,,,,,,,
583,image_0583.jpg,,,,,,,,,,
584,image_0584.jpg,,,,,,,,,,
585,image_0585.jpg,,,,,,,,,,
586,image_0586.jpg,,,,,,,,,,
587,image_0587.jpg,,,,,,,,,,
588,image_0588.jpg,,,,,,,,,,
589,image_0589.jpg,,,,,,,,,,
590,image_0590.jpg,,,,,,,,,,
591,image_0591.jpg,,,,,,,,,,
592,image_0592.jpg,,,,,,,,,,
593,image_0593.jpg,,,,,,,,,,
594,image_0594.jpg,,,,,,,,,,
595,image_0595.jpg,,,,,,,,,,
596,image_0596.jpg,,,,,,,,,,
597,image_0597.jpg,,,,,,,,,,
598,image_0598.jpg,,,,,,,,,,
599,image_0599.jpg,,,,,,,,,,
600,image_0600.jpg,,,,,,,,,,
601,image_0601.jpg,,,,,,,,,,
602,image_0602.jpg,,,,,,,,,,
603,image_0603.jpg,,,,,,,,,,
604,image_0604.jpg,,,,,,,,,,
605,image_0605.jpg,,,,,,,,,,
606,image_0606.jpg,,,,,,,,,,
607,image_0607.jpg,,,,,,,,,,
608,image_0608.jpg,,,,,,,,,,
609,image_0609.jpg,,,,,,,,,,
610,image_0610.jpg,,,,,,,,,,
611,image_0611.jpg,,,,,,,,,,
612,image_0612.jpg,,,,,,,,,,
613,image_0613.jpg,,,,,,,,,,
614,image_0614.jpg,,,,,,,,,,
615,image_0615.jpg,,,,,,,,,,
616,image_0616.jpg,,,,,,,,,,
617,image_0617.jpg,,,,,,,,,,
618,image_0618.jpg,,,,,,,,,,
619,image_0619.jpg,,,,,,,,,,
620,image_0620.jpg,,,,,,,,,,
621,image_0621.jpg,,,,,,,,,,
622,image_0622.jpg,,,,,,,,,,
623,image_0623.jpg,,,,,,,,,,
624,image_0624.jpg,,,,,,,,,,
625,image_0625.jpg,,,,,,,,,,
626,image_0626.jpg,,,,,,,,,,
627,image_0627.jpg,,,,,,,,,,
628,image_0628.jpg,,,,,,,,,,
629,image_0629.jpg,,,,,,,,,,
630,image_0630.jpg,,,,,,,,,,
631,image_0631.jpg,,,,,,,,,,
632,image_0632.jpg,,,,,,,,,,
633,image_0633.jpg,,,,,,,,,,
634,image_0634.jpg,,,,,,,,,,
635,image_0635.jpg,,,,,,,,,,
636,image_0636.jpg,,,,,,,,,,
637,image_0637.jpg,,,,,,,,,,
638,image_0638.jpg,,,,,,,,,,
639,image_0639.jpg,,,,,,,,,,
640,image_0640.jpg,,,,,,,,,,
641,image_0641.jpg,,,,,,,,,,
642,image_0642.jpg,,,,,,,,,,
643,image_0643.jpg,,,,,,,,,,
644,image_0644.jpg,,,,,,,,,,
645,image_0645.jpg,,,,,,,,,,
646,image_0646.jpg,,,,,,,,,,
647,image_0647.jpg,,,,,,,,,,
648,image_0648.jpg,,,,,,,,,,
649,image_0649.jpg,,,,,,,,,,
650,image_0650.jpg,,,,,,,,,,
651,image_0651.jpg,,,,,,,,,,
652,image_0652.jpg,,,,,,,,,,
653,image_0653.jpg,,,,,,,,,,
654,image_0654.jpg,,,,,,,,,,
655,image_0655.jpg,,,,,,,,,,
656,image_0656.jpg,,,,,,,,,,
657,image_0657.jpg,,,,,,,,,,
658,image_0658.jpg,,,,,,,,,,
659,image_0659.jpg,,,,,,,,,,
660,image_0660.jpg,,,,,,,,,,
661,image_0661.jpg,,,,,,,,,,
662,image_0662.jpg,,,,,,,,,,
663,image_0663.jpg,,,,,,,,,,
664,image_0664.jpg,,,,,,,,,,
665,image_0665.jpg,,,,,,,,,,
666,image_0666.jpg,,,,,,,,,,
667,image_0667.jpg,,,,,,,,,,
668,image_0668.jpg,,,,,,,,,,
669,image_0669.jpg,,,,,,,,,,
670,image_0670.jpg,,,,,,,,,,
671,image_0671.jpg,,,,,,,,,,
672,image_0672.jpg,,,,,,,,,,
673,image_0673.jpg,,,,,,,,,,
674,image_0674.jpg,,,,,,,,,,
675,image_0675.jpg,,,,,,,,,,
676,image_0676.jpg,,,,,,,,,,
677,image_0677.jpg,,,,,,,,,,
678,image_0678.jpg,,,,,,,,,,
679,image_0679.jpg,,,,,,,,,,
680,image_0680.jpg,,,,,,,,,,
681,image_0681.jpg,,,,,,,,,,
682,image_0682.jpg,,,,,,,,,,
683,image_0683.jpg,,,,,,,,,,
684,image_0684.jpg,,,,,,,,,,
685,image_0685.jpg,,,,,,,,,,
686,image_0686.jpg,,,,,,,,,,
687,image_0687.jpg,,,,,,,,,,
688,image_0688.jpg,,,,,,,,,,
689,image_0689.jpg,,,,,,,,,,
690,image_0690.jpg,,,,,,,,,,
691,image_0691.jpg,,,,,,,,,,
692,image_0692.jpg,,,,,,,,,,
693,image_0693.jpg,,,,,,,,,,
694,image_0694.jpg,,,,,,,,,,
695,image_0695.jpg,,,,,,,,,,
696,image_0696.jpg,,,,,,,,,,
697,image_0697.jpg,,,,,,,,,,
698,image_0698.jpg,,,,,,,,,,
699,image_0699.jpg,,,,,,,,,,
700,image_0700.jpg,,,,,,,,,,
701,image_0701.jpg,,,,,,,,,,
702,image_0702.jpg,,,,,,,,,,
703,image_0703.jpg,,,,,,,,,,
704,image_0704.jpg,,,,,,,,,,
705,image_0705.jpg,,,,,,,,,,
706,image_0706.jpg,,,,,,,,,,
707,image_0707.jpg,,,,,,,,,,
708,image_0708.jpg,,,,,,,,,,
709,image_0709.jpg,,,,,,,,,,
710,image_0710.jpg,,,,,,,,,,
711,image_0711.jpg,,,,,,,,,,
712,image_0712.jpg,,,,,,,,,,
713,image_0713.jpg,,,,,,,,,,
714,image_0714.jpg,,,,,,,,,,
715,image_0715.jpg,,,,,,,,,,
716,image_0716.jpg,,,,,,,,,,
717,image_0717.jpg,,,,,,,,,,
718,image_0718.jpg,,,,,,,,,,
719,image_0719.jpg,,,,,,,,,,
720,image_0720.jpg,,,,,,,,,,
721,image_0721.jpg,,,,,,,,,,
722,image_0722.jpg,,,,,,,,,,
723,image_0723.jpg,,,,,,,,,,
724,image_0724.jpg,,,,,,,,,,
725,image_0725.jpg,,,,,,,,,,
726,image_0726.jpg,,,,,,,,,,
727,image_0727.jpg,,,,,,,,,,
728,image_0728.jpg,,,,,,,,,,
729,image_0729.jpg,,,,,,,,,,
730,image_0730.jpg,,,,,,,,,,
731,image_0731.jpg,,,,,,,,,,
732,image_0732.jpg,,,,,,,,,,
733,image_0733.jpg,,,,,,,,,,
734,image_0734.jpg,,,,,,,,,,
735,image_0735.jpg,,,,,,,,,,
736,image_0736.jpg,,,,,,,,,,
737,image_0737.jpg,,,,,,,,,,
738,image_0738.jpg,,,,,,,,,,
739,image_0739.jpg,,,,,,,,,,
740,image_0740.jpg,,,,,,,,,,
741,image_0741.jpg,,,,,,,,,,
742,image_0742.jpg,,,,,,,,,,
743,image_0743.jpg,,,,,,,,,,
744,image_0744.jpg,,,,,,,,,,
745,image_0745.jpg,,,,,,,,,,
746,image_0746.jpg,,,,,,,,,,
747,image_0747.jpg,,,,,,,,,,
748,image_0748.jpg,,,,,,,,,,
749,image_0749.jpg,,,,,,,,,,
750,image_0750.jpg,,,,,,,,,,
751,image_0751.jpg,,,,,,,,,,
752,image_0752.jpg,,,,,,,,,,
753,image_0753.jpg,,,,,,,,,,
754,image_0754.jpg,,,,,,,,,,
755,image_0755.jpg,,,,,,,,,,
756,image_0756.jpg,,,,,,,,,,
757,image_0757.jpg,,,,,,,,,,
758,image_0758.jpg,,,,,,,,,,
759,image_0759.jpg,,,,,,,,,,
760,image_0760.jpg,,,,,,,,,,
761,image_0761.jpg,,,,,,,,,,
762,image_0762.jpg,,,,,,,,,,
763,image_0763.jpg,,,,,,,,,,
764,image_0764.jpg,,,,,,,,,,
765,image_0765.jpg,,,,,,,,,,
766,image_0766.jpg,,,,,,,,,,
767,image_0767.jpg,,,,,,,,,,
768,image_0768.jpg,,,,,,,,,,
769,image_0769.jpg,,,,,,,,,,
770,image_0770.jpg,,,,,,,,,,
771,image_0771.jpg,,,,,,,,,,
772,image_0772.jpg,,,,,,,,,,
773,image_0773.jpg,,,,,,,,,,
774,image_0774.jpg,,,,,,,,,,
775,image_0775.jpg,,,,,,,,,,
776,image_0776.jpg,,,,,,,,,,
777,image_0777.jpg,,,,,,,,,,
778,image_0778.jpg,,,,,,,,,,
779,image_0779.jpg,,,,,,,,,,
780,image_0780.jpg,,,,,,,,,,
781,image_0781.jpg,,,,,,,,,,
782,image_0782.jpg,,,,,,,,,,
783,image_0783.jpg,,,,,,,,,,
784,image_0784.jpg,,,,,,,,,,
785,image_0785.jpg,,,,,,,,,,
786,image_0786.jpg,,,,,,,,,,
787,image_0787.jpg,,,,,,,,,,
788,image_0788.jpg,,,,,,,,,,
789,image_0789.jpg,,,,,,,,,,
790,image_0790.jpg,,,,,,,,,,
791,image_0791.jpg,,,,,,,,,,
792,image_0792.jpg,,,,,,,,,,
