Image_Num,Name,Visibility,Quality,Type,Blur,Brightness,Noise,Contrast,Compression,Sharpness,Exposure
1,image_0001.jpg,1,1,,1.0,1.0,1.0,1.0,1.0,1.0,1.0
2,image_0002.jpg,1,1,,1.0,1.0,1.0,1.0,1.0,1.0,1.0
3,image_0003.jpg,1,1,,1.0,1.0,1.0,1.0,1.0,1.0,1.0
4,image_0004.jpg,1,1,,1.0,1.0,1.0,1.0,1.0,1.0,1.0
5,image_0005.jpg,1,1,,1.0,1.0,2.0,1.0,1.0,1.0,1.0
6,image_0006.jpg,1,1,,1.0,1.0,2.0,1.0,1.0,1.0,1.0
7,image_0007.jpg,1,1,,1.0,1.0,1.0,1.0,1.0,1.0,1.0
8,image_0008.jpg,1,1,,1.0,1.0,1.0,1.0,1.0,1.0,1.0
9,image_0009.jpg,1,1,,1.0,1.0,1.0,1.0,1.0,1.0,1.0
10,image_0010.jpg,0,1,,1.0,1.0,1.0,1.0,1.0,1.0,1.0
11,image_0011.jpg,0,1,,1.0,1.0,1.0,1.0,1.0,1.0,1.0
12,image_0012.jpg,0,1,,1.0,1.0,1.0,1.0,1.0,1.0,1.0
13,image_0013.jpg,0,1,,1.0,1.0,1.0,1.0,1.0,1.0,1.0
14,image_0014.jpg,1,1,,1.0,1.0,1.0,1.0,1.0,1.0,1.0
15,image_0015.jpg,0,1,,1.0,1.0,1.0,1.0,1.0,1.0,1.0
16,image_0016.jpg,0,1,,1.0,1.0,1.0,1.0,1.0,1.0,1.0
17,image_0017.jpg,0,1,,1.0,1.0,1.0,1.0,1.0,1.0,1.0
18,image_0018.jpg,0,1,,1.0,1.0,1.0,1.0,1.0,1.0,1.0
19,image_0019.jpg,0,1,,1.0,1.0,1.0,1.0,1.0,1.0,1.0
20,image_0020.jpg,0,1,,1.0,1.0,1.0,1.0,1.0,1.0,1.0
21,image_0021.jpg,0,1,,1.0,1.0,1.0,1.0,1.0,1.0,1.0
22,image_0022.jpg,0,1,,1.0,1.0,1.0,1.0,1.0,1.0,1.0
23,image_0023.jpg,0,1,,1.0,1.0,1.0,1.0,1.0,1.0,1.0
24,image_0024.jpg,0,1,,1.0,1.0,1.0,1.0,1.0,1.0,1.0
25,image_0025.jpg,0,1,,1.0,1.0,1.0,1.0,1.0,1.0,1.0
26,image_0026.jpg,1,1,,1.0,1.0,1.0,1.0,1.0,1.0,1.0
27,image_0027.jpg,0,1,,1.0,1.0,1.0,1.0,1.0,1.0,1.0
28,image_0028.jpg,0,1,,1.0,1.0,1.0,1.0,1.0,1.0,1.0
29,image_0029.jpg,1,1,,1.0,1.0,1.0,1.0,1.0,1.0,1.0
30,image_0030.jpg,0,1,,1.0,1.0,1.0,1.0,1.0,1.0,1.0
31,image_0031.jpg,0,0,,1.0,1.0,1.0,1.0,1.0,1.0,1.0
32,image_0032.jpg,0,0,,1.0,3.0,1.0,1.0,1.0,1.0,1.0
33,image_0033.jpg,0,1,,1.0,1.0,1.0,1.0,1.0,1.0,1.0
34,image_0034.jpg,0,1,,1.0,1.0,1.0,1.0,1.0,1.0,1.0
35,image_0035.jpg,0,1,,1.0,1.0,1.0,1.0,1.0,1.0,1.0
36,image_0036.jpg,0,1,,1.0,1.0,1.0,1.0,1.0,1.0,1.0
37,image_0037.jpg,1,1,,1.0,1.0,1.0,1.0,1.0,1.0,1.0
38,image_0038.jpg,0,1,,1.0,1.0,1.0,1.0,1.0,1.0,1.0
39,image_0039.jpg,1,1,,1.0,1.0,1.0,1.0,1.0,1.0,1.0
40,image_0040.jpg,1,1,,1.0,3.0,1.0,1.0,1.0,1.0,1.0
41,image_0041.jpg,0,1,,1.0,1.0,1.0,1.0,1.0,1.0,1.0
42,image_0042.jpg,0,1,,1.0,1.0,1.0,1.0,1.0,1.0,1.0
43,image_0043.jpg,0,1,,1.0,1.0,1.0,1.0,1.0,1.0,1.0
44,image_0044.jpg,0,1,,1.0,1.0,1.0,1.0,1.0,1.0,1.0
45,image_0045.jpg,0,1,,1.0,1.0,1.0,1.0,1.0,1.0,1.0
46,image_0046.jpg,1,1,,1.0,1.0,1.0,1.0,1.0,1.0,1.0
47,image_0047.jpg,1,1,,1.0,1.0,1.0,1.0,1.0,1.0,1.0
48,image_0048.jpg,0,1,,1.0,1.0,1.0,1.0,1.0,1.0,1.0
49,image_0049.jpg,0,1,,1.0,1.0,1.0,1.0,1.0,1.0,1.0
50,image_0050.jpg,0,1,,1.0,1.0,1.0,1.0,1.0,1.0,1.0
51,image_0051.jpg,0,1,,1.0,1.0,1.0,1.0,1.0,1.0,1.0
52,image_0052.jpg,1,1,,1.0,3.0,1.0,1.0,1.0,1.0,1.0
53,image_0053.jpg,0,1,,1.0,1.0,1.0,1.0,1.0,1.0,1.0
54,image_0054.jpg,0,1,,1.0,1.0,1.0,1.0,1.0,1.0,1.0
55,image_0055.jpg,0,1,,1.0,1.0,1.0,1.0,1.0,1.0,1.0
56,image_0056.jpg,1,1,,1.0,1.0,1.0,1.0,1.0,1.0,1.0
57,image_0057.jpg,0,1,,1.0,1.0,1.0,1.0,1.0,1.0,1.0
58,image_0058.jpg,0,1,,1.0,1.0,1.0,1.0,1.0,1.0,1.0
59,image_0059.jpg,0,1,,1.0,1.0,1.0,1.0,1.0,1.0,1.0
60,image_0060.jpg,0,0,,1.0,1.0,1.0,1.0,1.0,1.0,1.0
61,image_0061.jpg,0,0,,1.0,1.0,1.0,1.0,1.0,1.0,1.0
62,image_0062.jpg,0,1,,1.0,1.0,1.0,1.0,1.0,1.0,1.0
63,image_0063.jpg,0,1,,1.0,1.0,1.0,1.0,1.0,1.0,1.0
64,image_0064.jpg,0,1,,1.0,1.0,1.0,1.0,1.0,1.0,1.0
65,image_0065.jpg,0,1,,1.0,1.0,1.0,1.0,1.0,1.0,1.0
66,image_0066.jpg,0,1,,1.0,1.0,1.0,1.0,1.0,1.0,1.0
67,image_0067.jpg,0,1,,1.0,1.0,1.0,1.0,1.0,1.0,1.0
68,image_0068.jpg,1,1,,1.0,1.0,1.0,1.0,1.0,1.0,1.0
69,image_0069.jpg,0,1,,1.0,1.0,1.0,1.0,1.0,1.0,1.0
70,image_0070.jpg,0,1,,1.0,1.0,1.0,1.0,1.0,1.0,1.0
71,image_0071.jpg,0,1,,1.0,1.0,1.0,1.0,1.0,1.0,1.0
72,image_0072.jpg,0,1,,1.0,1.0,1.0,1.0,1.0,1.0,1.0
73,image_0073.jpg,0,1,,1.0,1.0,1.0,1.0,1.0,1.0,1.0
74,image_0074.jpg,0,1,,1.0,1.0,1.0,1.0,1.0,1.0,1.0
75,image_0075.jpg,0,1,,1.0,1.0,1.0,1.0,1.0,1.0,1.0
76,image_0076.jpg,1,1,,1.0,1.0,1.0,1.0,1.0,1.0,1.0
77,image_0077.jpg,0,1,,1.0,1.0,1.0,1.0,1.0,1.0,1.0
78,image_0078.jpg,1,1,,1.0,1.0,2.0,1.0,1.0,1.0,1.0
79,image_0079.jpg,1,1,,1.0,1.0,1.0,1.0,1.0,1.0,1.0
80,image_0080.jpg,0,1,,1.0,1.0,2.0,1.0,1.0,1.0,1.0
81,image_0081.jpg,0,1,,1.0,1.0,1.0,1.0,1.0,1.0,1.0
82,image_0082.jpg,0,1,,1.0,1.0,1.0,1.0,1.0,1.0,1.0
83,image_0083.jpg,0,1,,1.0,1.0,1.0,1.0,1.0,1.0,1.0
84,image_0084.jpg,0,1,,1.0,1.0,1.0,1.0,1.0,1.0,1.0
85,image_0085.jpg,0,1,,1.0,1.0,1.0,1.0,1.0,1.0,1.0
86,image_0086.jpg,0,1,,1.0,1.0,2.0,1.0,1.0,1.0,1.0
87,image_0087.jpg,0,1,,1.0,1.0,2.0,1.0,1.0,1.0,1.0
88,image_0088.jpg,0,1,,1.0,1.0,1.0,1.0,1.0,1.0,1.0
89,image_0089.jpg,0,1,,1.0,1.0,2.0,1.0,1.0,1.0,1.0
90,image_0090.jpg,0,1,,1.0,1.0,1.0,1.0,1.0,1.0,1.0
91,image_0091.jpg,0,1,,1.0,1.0,1.0,1.0,1.0,1.0,1.0
92,image_0092.jpg,0,1,,1.0,1.0,1.0,1.0,1.0,1.0,1.0
93,image_0093.jpg,0,1,,1.0,1.0,1.0,1.0,1.0,1.0,1.0
94,image_0094.jpg,0,1,,1.0,1.0,1.0,1.0,1.0,1.0,1.0
95,image_0095.jpg,0,1,,1.0,1.0,1.0,1.0,1.0,1.0,1.0
96,image_0096.jpg,0,1,,1.0,1.0,1.0,1.0,1.0,1.0,1.0
97,image_0097.jpg,0,1,,1.0,1.0,1.0,1.0,1.0,1.0,1.0
98,image_0098.jpg,0,1,,1.0,1.0,1.0,1.0,1.0,1.0,1.0
99,image_0099.jpg,0,1,,1.0,1.0,1.0,1.0,1.0,1.0,1.0
100,image_0100.jpg,0,1,,1.0,1.0,1.0,1.0,1.0,1.0,1.0
101,image_0101.jpg,0,0,,1.0,1.0,1.0,1.0,1.0,1.0,1.0
102,image_0102.jpg,0,1,,1.0,1.0,1.0,1.0,1.0,1.0,1.0
103,image_0103.jpg,0,0,,1.0,1.0,1.0,1.0,1.0,1.0,1.0
104,image_0104.jpg,0,1,,1.0,1.0,2.0,1.0,1.0,1.0,1.0
105,image_0105.jpg,0,1,,1.0,1.0,1.0,1.0,1.0,1.0,1.0
106,image_0106.jpg,0,1,,1.0,1.0,1.0,1.0,1.0,1.0,1.0
107,image_0107.jpg,0,1,,1.0,1.0,1.0,1.0,1.0,1.0,1.0
108,image_0108.jpg,0,1,,1.0,1.0,1.0,1.0,1.0,1.0,1.0
109,image_0109.jpg,0,0,,1.0,1.0,1.0,1.0,1.0,1.0,1.0
110,image_0110.jpg,0,1,,1.0,1.0,1.0,1.0,1.0,1.0,1.0
111,image_0111.jpg,0,1,,1.0,1.0,1.0,1.0,1.0,1.0,1.0
112,image_0112.jpg,1,1,,1.0,1.0,1.0,1.0,1.0,1.0,1.0
113,image_0113.jpg,0,1,,1.0,1.0,1.0,1.0,1.0,1.0,1.0
114,image_0114.jpg,0,1,,1.0,1.0,1.0,1.0,1.0,1.0,1.0
115,image_0115.jpg,0,1,,1.0,1.0,2.0,1.0,1.0,1.0,1.0
116,image_0116.jpg,1,1,,1.0,1.0,1.0,1.0,1.0,1.0,1.0
117,image_0117.jpg,1,0,,1.0,3.0,1.0,1.0,1.0,1.0,1.0
118,image_0118.jpg,0,1,,1.0,1.0,1.0,1.0,1.0,1.0,1.0
119,image_0119.jpg,1,1,,1.0,1.0,2.0,1.0,1.0,1.0,1.0
120,image_0120.jpg,1,0,,1.0,3.0,1.0,1.0,1.0,1.0,1.0
121,image_0121.jpg,0,1,,1.0,1.0,1.0,1.0,1.0,1.0,1.0
122,image_0122.jpg,1,1,,1.0,1.0,1.0,1.0,1.0,1.0,1.0
123,image_0123.jpg,1,1,,1.0,1.0,1.0,1.0,1.0,1.0,1.0
124,image_0124.jpg,1,1,,1.0,1.0,1.0,1.0,1.0,1.0,1.0
125,image_0125.jpg,1,0,,1.0,1.0,1.0,1.0,1.0,1.0,1.0
126,image_0126.jpg,0,1,,1.0,1.0,1.0,1.0,1.0,1.0,1.0
127,image_0127.jpg,0,0,,1.0,3.0,1.0,1.0,1.0,1.0,1.0
128,image_0128.jpg,1,1,,1.0,1.0,2.0,1.0,1.0,1.0,1.0
129,image_0129.jpg,0,1,,1.0,1.0,1.0,1.0,1.0,1.0,1.0
130,image_0130.jpg,1,1,,1.0,1.0,1.0,1.0,1.0,1.0,1.0
131,image_0131.jpg,0,1,,1.0,1.0,1.0,1.0,1.0,1.0,1.0
132,image_0132.jpg,1,1,,1.0,1.0,2.0,1.0,1.0,1.0,1.0
133,image_0133.jpg,0,1,,1.0,1.0,1.0,1.0,1.0,1.0,1.0
134,image_0134.jpg,1,0,,1.0,3.0,1.0,1.0,1.0,1.0,1.0
135,image_0135.jpg,0,1,,1.0,1.0,1.0,1.0,1.0,1.0,1.0
136,image_0136.jpg,0,0,,1.0,1.0,1.0,1.0,1.0,1.0,1.0
137,image_0137.jpg,0,1,,1.0,1.0,1.0,1.0,1.0,1.0,1.0
138,image_0138.jpg,0,1,,1.0,1.0,1.0,1.0,1.0,1.0,1.0
139,image_0139.jpg,1,1,,1.0,1.0,1.0,1.0,1.0,1.0,1.0
140,image_0140.jpg,1,1,,1.0,1.0,1.0,1.0,1.0,1.0,1.0
141,image_0141.jpg,1,1,,1.0,1.0,1.0,1.0,1.0,1.0,1.0
142,image_0142.jpg,1,1,,1.0,1.0,1.0,1.0,1.0,1.0,1.0
143,image_0143.jpg,1,1,,1.0,1.0,1.0,1.0,1.0,1.0,1.0
144,image_0144.jpg,1,1,,1.0,1.0,2.0,1.0,1.0,1.0,1.0
145,image_0145.jpg,1,1,,1.0,1.0,1.0,1.0,1.0,1.0,1.0
146,image_0146.jpg,0,1,,1.0,1.0,1.0,1.0,1.0,1.0,1.0
147,image_0147.jpg,0,1,,1.0,1.0,1.0,1.0,1.0,1.0,1.0
148,image_0148.jpg,1,1,,1.0,1.0,1.0,1.0,1.0,1.0,1.0
149,image_0149.jpg,0,1,,1.0,1.0,1.0,1.0,1.0,1.0,1.0
150,image_0150.jpg,0,1,,1.0,1.0,1.0,1.0,1.0,1.0,1.0
151,image_0151.jpg,0,1,,1.0,1.0,1.0,1.0,1.0,1.0,1.0
152,image_0152.jpg,0,1,,1.0,1.0,2.0,1.0,1.0,1.0,1.0
153,image_0153.jpg,0,1,,1.0,1.0,1.0,1.0,1.0,1.0,1.0
154,image_0154.jpg,0,1,,1.0,1.0,1.0,1.0,1.0,1.0,1.0
155,image_0155.jpg,0,1,,1.0,1.0,1.0,1.0,1.0,1.0,1.0
156,image_0156.jpg,0,1,,1.0,1.0,1.0,1.0,1.0,1.0,1.0
157,image_0157.jpg,0,1,,1.0,1.0,1.0,1.0,1.0,1.0,1.0
158,image_0158.jpg,0,1,,1.0,1.0,2.0,1.0,1.0,1.0,1.0
159,image_0159.jpg,0,1,,1.0,1.0,1.0,1.0,1.0,1.0,1.0
160,image_0160.jpg,0,1,,1.0,1.0,1.0,1.0,1.0,1.0,1.0
161,image_0161.jpg,1,1,,1.0,1.0,1.0,1.0,1.0,1.0,1.0
162,image_0162.jpg,1,1,,1.0,1.0,1.0,1.0,1.0,1.0,1.0
163,image_0163.jpg,0,1,,1.0,1.0,1.0,1.0,1.0,1.0,1.0
164,image_0164.jpg,1,1,,1.0,1.0,2.0,1.0,1.0,1.0,1.0
165,image_0165.jpg,1,1,,1.0,1.0,1.0,1.0,1.0,1.0,1.0
166,image_0166.jpg,0,1,,1.0,1.0,1.0,1.0,1.0,1.0,1.0
167,image_0167.jpg,1,1,,1.0,1.0,1.0,1.0,1.0,1.0,1.0
168,image_0168.jpg,1,0,,1.0,1.0,1.0,1.0,1.0,1.0,1.0
169,image_0169.jpg,1,0,,1.0,1.0,1.0,1.0,1.0,1.0,1.0
170,image_0170.jpg,1,1,,1.0,1.0,1.0,1.0,1.0,1.0,1.0
171,image_0171.jpg,1,0,,1.0,1.0,1.0,1.0,1.0,1.0,1.0
172,image_0172.jpg,1,0,,1.0,1.0,1.0,1.0,1.0,1.0,1.0
173,image_0173.jpg,1,0,,1.0,1.0,1.0,1.0,1.0,2.0,1.0
174,image_0174.jpg,1,1,,1.0,1.0,1.0,1.0,1.0,1.0,1.0
175,image_0175.jpg,1,0,,1.0,1.0,1.0,1.0,1.0,1.0,1.0
176,image_0176.jpg,1,0,,1.0,1.0,1.0,1.0,1.0,1.0,1.0
177,image_0177.jpg,0,1,,1.0,1.0,1.0,1.0,1.0,1.0,1.0
178,image_0178.jpg,1,1,,1.0,1.0,2.0,1.0,1.0,1.0,1.0
179,image_0179.jpg,0,1,,1.0,1.0,1.0,1.0,1.0,1.0,1.0
180,image_0180.jpg,1,1,,1.0,1.0,1.0,1.0,1.0,1.0,1.0
181,image_0181.jpg,0,1,,1.0,1.0,1.0,1.0,1.0,1.0,1.0
182,image_0182.jpg,0,1,,1.0,1.0,1.0,1.0,1.0,1.0,1.0
183,image_0183.jpg,1,1,,1.0,1.0,1.0,1.0,1.0,1.0,1.0
184,image_0184.jpg,1,1,,1.0,1.0,2.0,1.0,1.0,1.0,1.0
185,image_0185.jpg,0,1,,1.0,1.0,1.0,1.0,1.0,1.0,1.0
186,image_0186.jpg,1,1,,1.0,1.0,1.0,1.0,1.0,1.0,1.0
187,image_0187.jpg,1,1,,1.0,1.0,1.0,1.0,1.0,1.0,1.0
188,image_0188.jpg,1,1,,1.0,1.0,1.0,1.0,1.0,1.0,1.0
189,image_0189.jpg,0,1,,1.0,1.0,1.0,1.0,1.0,1.0,1.0
190,image_0190.jpg,1,1,,1.0,1.0,1.0,1.0,1.0,1.0,1.0
191,image_0191.jpg,0,1,,1.0,1.0,1.0,1.0,1.0,1.0,1.0
192,image_0192.jpg,1,1,,1.0,1.0,1.0,1.0,1.0,1.0,1.0
193,image_0193.jpg,0,1,,1.0,1.0,2.0,1.0,1.0,1.0,1.0
194,image_0194.jpg,0,1,,1.0,1.0,1.0,1.0,1.0,1.0,1.0
195,image_0195.jpg,0,1,,1.0,1.0,1.0,1.0,1.0,1.0,1.0
196,image_0196.jpg,0,1,,1.0,1.0,1.0,1.0,1.0,1.0,1.0
197,image_0197.jpg,0,1,,1.0,1.0,1.0,1.0,1.0,1.0,1.0
198,image_0198.jpg,1,1,,1.0,1.0,1.0,1.0,1.0,1.0,1.0
199,image_0199.jpg,1,0,,1.0,1.0,1.0,1.0,1.0,3.0,1.0
200,image_0200.jpg,0,1,,1.0,1.0,1.0,1.0,1.0,1.0,1.0
201,image_0201.jpg,0,0,,1.0,1.0,1.0,1.0,1.0,1.0,1.0
202,image_0202.jpg,0,0,,1.0,1.0,1.0,1.0,1.0,1.0,1.0
203,image_0203.jpg,0,0,,1.0,1.0,1.0,1.0,1.0,1.0,1.0
204,image_0204.jpg,0,1,,1.0,1.0,1.0,1.0,1.0,1.0,1.0
205,image_0205.jpg,0,1,,1.0,1.0,1.0,1.0,1.0,1.0,1.0
206,image_0206.jpg,0,1,,1.0,1.0,1.0,1.0,1.0,1.0,1.0
207,image_0207.jpg,0,0,,1.0,1.0,1.0,1.0,1.0,1.0,1.0
208,image_0208.jpg,0,1,,1.0,1.0,1.0,1.0,1.0,1.0,1.0
209,image_0209.jpg,0,1,,1.0,1.0,1.0,1.0,1.0,1.0,1.0
210,image_0210.jpg,0,0,,1.0,1.0,1.0,1.0,1.0,2.0,1.0
211,image_0211.jpg,0,1,,1.0,1.0,1.0,1.0,1.0,1.0,1.0
212,image_0212.jpg,0,1,,1.0,1.0,1.0,1.0,1.0,1.0,1.0
213,image_0213.jpg,0,1,,1.0,1.0,1.0,1.0,1.0,1.0,1.0
214,image_0214.jpg,0,0,,1.0,2.0,1.0,1.0,1.0,1.0,1.0
215,image_0215.jpg,0,0,,1.0,2.0,1.0,1.0,1.0,4.0,1.0
216,image_0216.jpg,0,1,,1.0,1.0,1.0,1.0,1.0,1.0,1.0
217,image_0217.jpg,0,1,,1.0,1.0,1.0,1.0,1.0,1.0,1.0
218,image_0218.jpg,0,0,,1.0,1.0,1.0,1.0,1.0,1.0,1.0
219,image_0219.jpg,0,1,,1.0,1.0,1.0,1.0,1.0,1.0,1.0
220,image_0220.jpg,0,1,,1.0,1.0,1.0,1.0,1.0,1.0,1.0
221,image_0221.jpg,0,1,,1.0,1.0,1.0,1.0,1.0,1.0,1.0
222,image_0222.jpg,0,1,,1.0,1.0,1.0,1.0,1.0,1.0,1.0
223,image_0223.jpg,0,0,,1.0,1.0,1.0,1.0,1.0,1.0,1.0
224,image_0224.jpg,0,1,,1.0,1.0,1.0,1.0,1.0,1.0,1.0
225,image_0225.jpg,0,1,,1.0,1.0,1.0,1.0,1.0,1.0,1.0
226,image_0226.jpg,0,0,,1.0,1.0,1.0,1.0,1.0,1.0,1.0
227,image_0227.jpg,0,1,,1.0,1.0,1.0,1.0,1.0,1.0,1.0
228,image_0228.jpg,0,1,,1.0,1.0,1.0,1.0,1.0,1.0,1.0
229,image_0229.jpg,0,1,,1.0,1.0,1.0,1.0,1.0,1.0,1.0
230,image_0230.jpg,1,1,,1.0,1.0,1.0,1.0,1.0,1.0,1.0
231,image_0231.jpg,1,1,,1.0,1.0,1.0,1.0,1.0,1.0,1.0
232,image_0232.jpg,1,1,,1.0,1.0,1.0,1.0,1.0,1.0,1.0
233,image_0233.jpg,1,1,,1.0,1.0,1.0,1.0,1.0,1.0,1.0
234,image_0234.jpg,1,0,,1.0,1.0,1.0,1.0,1.0,1.0,1.0
235,image_0235.jpg,1,0,,1.0,1.0,1.0,1.0,1.0,1.0,1.0
236,image_0236.jpg,0,0,,1.0,1.0,1.0,1.0,1.0,1.0,1.0
237,image_0237.jpg,1,1,,1.0,1.0,1.0,1.0,1.0,1.0,1.0
238,image_0238.jpg,1,1,,1.0,1.0,1.0,1.0,1.0,1.0,1.0
239,image_0239.jpg,1,1,,1.0,1.0,1.0,1.0,1.0,1.0,1.0
240,image_0240.jpg,0,1,,1.0,1.0,1.0,1.0,1.0,1.0,1.0
241,image_0241.jpg,0,1,,1.0,3.0,1.0,1.0,1.0,1.0,1.0
242,image_0242.jpg,0,1,,1.0,3.0,1.0,1.0,1.0,1.0,1.0
243,image_0243.jpg,0,1,,1.0,1.0,1.0,1.0,1.0,1.0,1.0
244,image_0244.jpg,0,1,,1.0,1.0,1.0,1.0,1.0,1.0,1.0
245,image_0245.jpg,0,1,,1.0,1.0,1.0,1.0,1.0,1.0,1.0
246,image_0246.jpg,0,1,,1.0,1.0,1.0,1.0,1.0,1.0,1.0
247,image_0247.jpg,0,1,,1.0,1.0,1.0,1.0,1.0,1.0,1.0
248,image_0248.jpg,1,1,,1.0,1.0,1.0,1.0,1.0,1.0,1.0
249,image_0249.jpg,0,1,,1.0,1.0,1.0,1.0,1.0,1.0,1.0
250,image_0250.jpg,0,0,,1.0,1.0,1.0,1.0,1.0,1.0,1.0
251,image_0251.jpg,0,0,,1.0,1.0,1.0,1.0,1.0,1.0,1.0
252,image_0252.jpg,1,1,,1.0,1.0,1.0,1.0,1.0,1.0,1.0
253,image_0253.jpg,0,1,,1.0,1.0,1.0,1.0,1.0,1.0,1.0
254,image_0254.jpg,0,1,,1.0,1.0,1.0,1.0,1.0,1.0,1.0
255,image_0255.jpg,1,1,,1.0,3.0,1.0,1.0,1.0,1.0,1.0
256,image_0256.jpg,0,1,,1.0,1.0,1.0,1.0,1.0,1.0,1.0
257,image_0257.jpg,1,0,,1.0,1.0,1.0,1.0,1.0,1.0,1.0
258,image_0258.jpg,0,1,,1.0,1.0,1.0,1.0,1.0,1.0,1.0
259,image_0259.jpg,1,1,,1.0,3.0,1.0,1.0,1.0,1.0,1.0
260,image_0260.jpg,1,0,,1.0,3.0,1.0,1.0,1.0,1.0,1.0
261,image_0261.jpg,1,1,,1.0,1.0,1.0,1.0,1.0,1.0,1.0
262,image_0262.jpg,0,1,,1.0,1.0,1.0,1.0,1.0,1.0,1.0
263,image_0263.jpg,0,1,,1.0,3.0,1.0,1.0,1.0,1.0,1.0
264,image_0264.jpg,0,1,,1.0,1.0,1.0,1.0,1.0,1.0,1.0
265,image_0265.jpg,0,0,,1.0,1.0,1.0,1.0,1.0,1.0,1.0
266,image_0266.jpg,1,1,,1.0,1.0,1.0,1.0,1.0,1.0,1.0
267,image_0267.jpg,1,1,,1.0,1.0,1.0,1.0,1.0,1.0,1.0
268,image_0268.jpg,1,1,,1.0,1.0,1.0,1.0,1.0,1.0,1.0
269,image_0269.jpg,0,1,,1.0,1.0,1.0,1.0,1.0,1.0,1.0
270,image_0270.jpg,0,1,,1.0,1.0,1.0,1.0,1.0,1.0,1.0
271,image_0271.jpg,0,1,,1.0,1.0,1.0,1.0,1.0,1.0,1.0
272,image_0272.jpg,0,1,,1.0,1.0,1.0,1.0,1.0,1.0,1.0
273,image_0273.jpg,0,1,,1.0,1.0,1.0,1.0,1.0,1.0,1.0
274,image_0274.jpg,0,1,,1.0,1.0,1.0,1.0,1.0,1.0,1.0
275,image_0275.jpg,0,1,,1.0,1.0,1.0,1.0,1.0,1.0,1.0
276,image_0276.jpg,0,1,,1.0,1.0,1.0,1.0,1.0,1.0,1.0
277,image_0277.jpg,0,1,,1.0,1.0,1.0,1.0,1.0,1.0,1.0
278,image_0278.jpg,0,1,,1.0,1.0,1.0,1.0,1.0,1.0,1.0
279,image_0279.jpg,0,1,,1.0,1.0,1.0,1.0,1.0,1.0,1.0
280,image_0280.jpg,0,1,,1.0,1.0,1.0,1.0,1.0,1.0,1.0
281,image_0281.jpg,0,1,,1.0,1.0,1.0,1.0,1.0,1.0,1.0
282,image_0282.jpg,0,1,,1.0,3.0,1.0,1.0,1.0,1.0,1.0
283,image_0283.jpg,0,1,,1.0,3.0,1.0,1.0,1.0,1.0,1.0
284,image_0284.jpg,0,1,,1.0,1.0,1.0,1.0,1.0,1.0,1.0
285,image_0285.jpg,0,0,,1.0,1.0,1.0,1.0,1.0,1.0,1.0
286,image_0286.jpg,0,0,,1.0,1.0,1.0,1.0,1.0,1.0,1.0
287,image_0287.jpg,0,0,,1.0,1.0,1.0,1.0,1.0,1.0,1.0
288,image_0288.jpg,1,0,,1.0,1.0,1.0,1.0,1.0,1.0,1.0
289,image_0289.jpg,0,0,,1.0,1.0,1.0,1.0,1.0,1.0,1.0
290,image_0290.jpg,1,0,,1.0,1.0,1.0,1.0,1.0,1.0,1.0
291,image_0291.jpg,1,0,,1.0,1.0,1.0,1.0,1.0,1.0,1.0
292,image_0292.jpg,1,0,,1.0,1.0,1.0,1.0,1.0,1.0,1.0
293,image_0293.jpg,0,0,,1.0,3.0,1.0,1.0,1.0,1.0,1.0
294,image_0294.jpg,0,0,,1.0,3.0,1.0,1.0,1.0,1.0,1.0
295,image_0295.jpg,0,0,,1.0,3.0,1.0,1.0,1.0,1.0,1.0
296,image_0296.jpg,0,0,,1.0,3.0,1.0,1.0,1.0,1.0,1.0
297,image_0297.jpg,0,1,,1.0,1.0,1.0,1.0,1.0,1.0,1.0
298,image_0298.jpg,0,0,,1.0,3.0,1.0,1.0,1.0,1.0,1.0
299,image_0299.jpg,0,1,,1.0,3.0,1.0,1.0,1.0,1.0,1.0
300,image_0300.jpg,0,0,,1.0,3.0,1.0,1.0,1.0,1.0,1.0
301,image_0301.jpg,1,1,,1.0,1.0,1.0,1.0,1.0,1.0,1.0
302,image_0302.jpg,0,0,,1.0,1.0,1.0,1.0,1.0,1.0,1.0
303,image_0303.jpg,1,1,,1.0,1.0,1.0,1.0,1.0,1.0,1.0
304,image_0304.jpg,1,1,,1.0,1.0,1.0,1.0,1.0,1.0,1.0
305,image_0305.jpg,0,1,,1.0,1.0,1.0,1.0,1.0,1.0,1.0
306,image_0306.jpg,0,1,,1.0,1.0,1.0,1.0,1.0,1.0,1.0
307,image_0307.jpg,0,1,,1.0,1.0,1.0,1.0,1.0,1.0,1.0
308,image_0308.jpg,1,1,,1.0,1.0,1.0,1.0,1.0,2.0,1.0
309,image_0309.jpg,1,1,,1.0,1.0,1.0,1.0,1.0,1.0,1.0
310,image_0310.jpg,1,1,,1.0,1.0,1.0,1.0,1.0,1.0,1.0
311,image_0311.jpg,0,1,,1.0,1.0,1.0,1.0,1.0,1.0,1.0
312,image_0312.jpg,1,0,,1.0,1.0,1.0,1.0,1.0,3.0,1.0
313,image_0313.jpg,1,1,,1.0,1.0,1.0,1.0,1.0,2.0,1.0
314,image_0314.jpg,0,1,,1.0,1.0,1.0,1.0,1.0,1.0,1.0
315,image_0315.jpg,1,1,,1.0,1.0,1.0,1.0,1.0,1.0,1.0
316,image_0316.jpg,0,1,,1.0,1.0,1.0,1.0,1.0,1.0,1.0
317,image_0317.jpg,0,1,,1.0,1.0,1.0,1.0,1.0,1.0,1.0
318,image_0318.jpg,0,1,,1.0,3.0,1.0,1.0,1.0,1.0,1.0
319,image_0319.jpg,0,1,,1.0,1.0,1.0,1.0,1.0,1.0,1.0
320,image_0320.jpg,1,0,,1.0,1.0,1.0,1.0,1.0,2.0,1.0
321,image_0321.jpg,1,0,,1.0,1.0,1.0,1.0,1.0,2.0,1.0
322,image_0322.jpg,0,1,,1.0,1.0,1.0,1.0,1.0,1.0,1.0
323,image_0323.jpg,0,0,,1.0,1.0,1.0,1.0,1.0,1.0,1.0
324,image_0324.jpg,0,1,,1.0,1.0,1.0,1.0,1.0,1.0,1.0
325,image_0325.jpg,0,1,,1.0,1.0,1.0,1.0,1.0,1.0,1.0
326,image_0326.jpg,0,1,,1.0,1.0,1.0,1.0,1.0,1.0,1.0
327,image_0327.jpg,0,1,,1.0,1.0,1.0,1.0,1.0,1.0,1.0
328,image_0328.jpg,0,1,,1.0,1.0,1.0,1.0,1.0,2.0,1.0
329,image_0329.jpg,0,1,,1.0,1.0,1.0,1.0,1.0,1.0,1.0
330,image_0330.jpg,0,1,,1.0,1.0,1.0,1.0,1.0,1.0,1.0
331,image_0331.jpg,0,1,,1.0,1.0,1.0,1.0,1.0,1.0,1.0
332,image_0332.jpg,0,1,,1.0,1.0,1.0,1.0,1.0,1.0,1.0
333,image_0333.jpg,0,1,,1.0,1.0,1.0,1.0,1.0,1.0,1.0
334,image_0334.jpg,1,0,,1.0,1.0,1.0,1.0,1.0,1.0,1.0
335,image_0335.jpg,1,0,,1.0,1.0,1.0,1.0,1.0,1.0,1.0
336,image_0336.jpg,1,0,,1.0,1.0,1.0,1.0,1.0,1.0,1.0
337,image_0337.jpg,1,0,,1.0,1.0,1.0,1.0,1.0,2.0,1.0
338,image_0338.jpg,1,0,,1.0,1.0,1.0,1.0,2.0,3.0,1.0
339,image_0339.jpg,0,1,,1.0,1.0,1.0,1.0,1.0,1.0,1.0
340,image_0340.jpg,0,1,,1.0,1.0,1.0,1.0,1.0,1.0,1.0
341,image_0341.jpg,0,1,,1.0,1.0,1.0,1.0,1.0,1.0,1.0
342,image_0342.jpg,0,1,,1.0,1.0,1.0,1.0,1.0,1.0,1.0
343,image_0343.jpg,0,1,,1.0,1.0,1.0,1.0,1.0,1.0,1.0
344,image_0344.jpg,0,1,,1.0,1.0,1.0,1.0,1.0,1.0,1.0
345,image_0345.jpg,0,1,,1.0,1.0,1.0,1.0,1.0,1.0,1.0
346,image_0346.jpg,0,1,,1.0,3.0,1.0,1.0,1.0,1.0,1.0
347,image_0347.jpg,0,1,,1.0,1.0,1.0,1.0,1.0,1.0,1.0
348,image_0348.jpg,0,1,,1.0,1.0,1.0,1.0,1.0,1.0,1.0
349,image_0349.jpg,0,1,,1.0,1.0,1.0,1.0,1.0,1.0,1.0
350,image_0350.jpg,0,1,,1.0,1.0,1.0,1.0,1.0,1.0,1.0
351,image_0351.jpg,0,1,,1.0,1.0,1.0,1.0,1.0,1.0,1.0
352,image_0352.jpg,0,1,,1.0,1.0,1.0,1.0,1.0,1.0,1.0
353,image_0353.jpg,0,1,,1.0,1.0,1.0,1.0,1.0,1.0,1.0
354,image_0354.jpg,0,1,,1.0,1.0,1.0,1.0,1.0,1.0,1.0
355,image_0355.jpg,0,1,,1.0,1.0,1.0,1.0,1.0,1.0,1.0
356,image_0356.jpg,1,1,,1.0,1.0,1.0,1.0,1.0,1.0,1.0
357,image_0357.jpg,0,1,,1.0,1.0,1.0,1.0,1.0,1.0,1.0
358,image_0358.jpg,0,1,,1.0,1.0,1.0,1.0,1.0,1.0,1.0
359,image_0359.jpg,0,1,,1.0,1.0,1.0,1.0,1.0,2.0,1.0
360,image_0360.jpg,1,1,,1.0,1.0,1.0,1.0,1.0,2.0,1.0
361,image_0361.jpg,0,1,,1.0,1.0,1.0,1.0,1.0,2.0,1.0
362,image_0362.jpg,0,1,,1.0,1.0,1.0,1.0,1.0,1.0,1.0
363,image_0363.jpg,0,1,,1.0,1.0,1.0,1.0,1.0,1.0,1.0
364,image_0364.jpg,1,1,,1.0,1.0,1.0,1.0,1.0,1.0,1.0
365,image_0365.jpg,0,1,,1.0,1.0,1.0,1.0,1.0,1.0,1.0
366,image_0366.jpg,0,1,,1.0,1.0,1.0,1.0,1.0,1.0,1.0
367,image_0367.jpg,1,0,,1.0,1.0,1.0,1.0,1.0,1.0,1.0
368,image_0368.jpg,1,0,,1.0,1.0,1.0,1.0,1.0,1.0,1.0
369,image_0369.jpg,1,0,,1.0,1.0,1.0,1.0,1.0,1.0,1.0
370,image_0370.jpg,1,0,,1.0,1.0,1.0,1.0,1.0,2.0,1.0
371,image_0371.jpg,1,0,,1.0,1.0,1.0,1.0,1.0,1.0,1.0
372,image_0372.jpg,1,0,,1.0,1.0,1.0,1.0,1.0,1.0,1.0
373,image_0373.jpg,1,0,,1.0,1.0,1.0,1.0,1.0,1.0,1.0
374,image_0374.jpg,0,1,,1.0,1.0,1.0,1.0,1.0,1.0,1.0
375,image_0375.jpg,0,1,,1.0,1.0,1.0,1.0,1.0,1.0,1.0
376,image_0376.jpg,0,1,,1.0,1.0,1.0,1.0,1.0,1.0,1.0
377,image_0377.jpg,0,1,,1.0,1.0,1.0,1.0,1.0,1.0,1.0
378,image_0378.jpg,0,1,,1.0,1.0,1.0,1.0,1.0,1.0,1.0
379,image_0379.jpg,0,1,,1.0,1.0,1.0,1.0,1.0,1.0,1.0
380,image_0380.jpg,0,1,,1.0,1.0,1.0,1.0,1.0,1.0,1.0
381,image_0381.jpg,0,1,,1.0,1.0,1.0,1.0,1.0,1.0,1.0
382,image_0382.jpg,0,1,,1.0,1.0,1.0,1.0,1.0,1.0,1.0
383,image_0383.jpg,0,1,,1.0,1.0,1.0,1.0,1.0,1.0,1.0
384,image_0384.jpg,0,1,,1.0,1.0,1.0,1.0,1.0,1.0,1.0
385,image_0385.jpg,1,1,,1.0,1.0,1.0,1.0,1.0,1.0,1.0
386,image_0386.jpg,0,1,,1.0,1.0,1.0,1.0,1.0,1.0,1.0
387,image_0387.jpg,1,1,,1.0,1.0,1.0,1.0,1.0,1.0,1.0
388,image_0388.jpg,1,1,,1.0,1.0,1.0,1.0,1.0,1.0,1.0
389,image_0389.jpg,1,1,,1.0,1.0,1.0,1.0,1.0,1.0,1.0
390,image_0390.jpg,1,1,,1.0,1.0,1.0,1.0,1.0,1.0,1.0
391,image_0391.jpg,1,1,,1.0,1.0,1.0,1.0,1.0,4.0,1.0
392,image_0392.jpg,0,0,,1.0,1.0,1.0,1.0,1.0,4.0,1.0
393,image_0393.jpg,0,0,,1.0,1.0,1.0,1.0,1.0,2.0,1.0
394,image_0394.jpg,1,1,,1.0,1.0,1.0,1.0,1.0,2.0,1.0
395,image_0395.jpg,1,1,,1.0,1.0,1.0,1.0,1.0,1.0,1.0
396,image_0396.jpg,1,1,,1.0,1.0,1.0,1.0,1.0,3.0,1.0
397,image_0397.jpg,1,1,,1.0,1.0,1.0,1.0,1.0,1.0,1.0
398,image_0398.jpg,0,0,,1.0,1.0,1.0,1.0,1.0,1.0,1.0
399,image_0399.jpg,0,0,,1.0,1.0,1.0,1.0,1.0,2.0,1.0
400,image_0400.jpg,0,1,,1.0,1.0,1.0,1.0,1.0,1.0,1.0
401,image_0401.jpg,0,1,,1.0,1.0,1.0,1.0,1.0,2.0,1.0
402,image_0402.jpg,1,1,,1.0,1.0,1.0,1.0,1.0,2.0,1.0
403,image_0403.jpg,0,0,,1.0,1.0,1.0,1.0,1.0,1.0,1.0
404,image_0404.jpg,0,0,,1.0,1.0,1.0,1.0,1.0,1.0,1.0
405,image_0405.jpg,0,1,,1.0,1.0,1.0,1.0,1.0,1.0,1.0
406,image_0406.jpg,0,1,,1.0,1.0,1.0,1.0,1.0,1.0,1.0
407,image_0407.jpg,0,1,,1.0,1.0,1.0,1.0,1.0,1.0,1.0
408,image_0408.jpg,0,0,,1.0,1.0,1.0,1.0,1.0,1.0,1.0
409,image_0409.jpg,0,0,,1.0,1.0,1.0,1.0,1.0,1.0,1.0
410,image_0410.jpg,0,0,,1.0,1.0,1.0,1.0,1.0,1.0,1.0
411,image_0411.jpg,0,0,,1.0,1.0,1.0,1.0,1.0,3.0,1.0
412,image_0412.jpg,0,0,,1.0,1.0,1.0,1.0,1.0,2.0,1.0
413,image_0413.jpg,0,0,,1.0,1.0,1.0,1.0,1.0,3.0,1.0
414,image_0414.jpg,0,0,,1.0,1.0,1.0,1.0,1.0,3.0,1.0
415,image_0415.jpg,1,0,,1.0,1.0,1.0,1.0,1.0,3.0,1.0
416,image_0416.jpg,0,0,,1.0,1.0,1.0,1.0,1.0,2.0,1.0
417,image_0417.jpg,1,0,,1.0,1.0,1.0,1.0,1.0,4.0,1.0
418,image_0418.jpg,0,0,,1.0,1.0,1.0,1.0,1.0,3.0,1.0
419,image_0419.jpg,0,0,,1.0,1.0,1.0,1.0,1.0,4.0,1.0
420,image_0420.jpg,0,0,,1.0,1.0,1.0,1.0,1.0,3.0,1.0
421,image_0421.jpg,0,0,,1.0,1.0,1.0,1.0,1.0,1.0,1.0
422,image_0422.jpg,0,0,,1.0,1.0,1.0,1.0,1.0,1.0,1.0
423,image_0423.jpg,0,0,,1.0,1.0,1.0,1.0,1.0,2.0,1.0
424,image_0424.jpg,0,0,,1.0,1.0,1.0,1.0,1.0,2.0,1.0
425,image_0425.jpg,0,1,,1.0,1.0,1.0,1.0,1.0,3.0,1.0
426,image_0426.jpg,0,0,,1.0,1.0,1.0,1.0,1.0,2.0,1.0
427,image_0427.jpg,0,0,,1.0,1.0,1.0,1.0,1.0,1.0,1.0
428,image_0428.jpg,1,0,,1.0,1.0,1.0,1.0,1.0,2.0,1.0
429,image_0429.jpg,1,0,,1.0,1.0,1.0,1.0,1.0,2.0,1.0
430,image_0430.jpg,1,0,,1.0,1.0,1.0,1.0,1.0,1.0,1.0
431,image_0431.jpg,0,1,,1.0,1.0,1.0,1.0,1.0,1.0,1.0
432,image_0432.jpg,1,1,,1.0,1.0,1.0,1.0,1.0,1.0,1.0
433,image_0433.jpg,1,1,,1.0,1.0,1.0,1.0,1.0,1.0,1.0
434,image_0434.jpg,0,0,,1.0,1.0,1.0,1.0,1.0,2.0,1.0
435,image_0435.jpg,0,0,,1.0,1.0,1.0,1.0,1.0,1.0,1.0
436,image_0436.jpg,0,1,,1.0,1.0,1.0,1.0,1.0,1.0,1.0
437,image_0437.jpg,1,1,,1.0,1.0,1.0,1.0,1.0,1.0,1.0
438,image_0438.jpg,1,1,,1.0,1.0,1.0,1.0,1.0,1.0,1.0
439,image_0439.jpg,1,1,,1.0,1.0,1.0,1.0,1.0,1.0,1.0
440,image_0440.jpg,0,0,,1.0,1.0,1.0,1.0,1.0,1.0,1.0
441,image_0441.jpg,0,1,,1.0,1.0,1.0,1.0,1.0,1.0,1.0
442,image_0442.jpg,0,0,,1.0,1.0,1.0,1.0,1.0,1.0,1.0
443,image_0443.jpg,0,0,,1.0,1.0,1.0,1.0,1.0,2.0,1.0
444,image_0444.jpg,0,0,,1.0,1.0,1.0,1.0,1.0,1.0,1.0
445,image_0445.jpg,0,0,,1.0,1.0,1.0,1.0,1.0,1.0,1.0
446,image_0446.jpg,0,0,,1.0,1.0,1.0,1.0,1.0,1.0,1.0
447,image_0447.jpg,0,0,,1.0,1.0,1.0,1.0,1.0,1.0,1.0
448,image_0448.jpg,0,0,,1.0,1.0,1.0,1.0,1.0,1.0,1.0
449,image_0449.jpg,1,1,,1.0,1.0,1.0,1.0,1.0,1.0,1.0
450,image_0450.jpg,1,1,,1.0,1.0,1.0,1.0,1.0,1.0,1.0
451,image_0451.jpg,0,0,,1.0,1.0,1.0,1.0,1.0,1.0,1.0
452,image_0452.jpg,0,0,,1.0,1.0,1.0,1.0,1.0,1.0,1.0
453,image_0453.jpg,0,1,,1.0,1.0,1.0,1.0,1.0,1.0,1.0
454,image_0454.jpg,0,1,,1.0,1.0,1.0,1.0,1.0,1.0,1.0
455,image_0455.jpg,0,1,,1.0,1.0,1.0,1.0,1.0,1.0,1.0
456,image_0456.jpg,0,1,,1.0,1.0,1.0,1.0,1.0,1.0,1.0
457,image_0457.jpg,0,1,,1.0,1.0,1.0,1.0,1.0,1.0,1.0
458,image_0458.jpg,0,1,,1.0,1.0,1.0,1.0,1.0,1.0,1.0
459,image_0459.jpg,0,1,,1.0,1.0,1.0,1.0,1.0,1.0,1.0
460,image_0460.jpg,0,1,,1.0,1.0,1.0,1.0,1.0,1.0,1.0
461,image_0461.jpg,0,1,,1.0,1.0,1.0,1.0,1.0,1.0,1.0
462,image_0462.jpg,0,1,,1.0,1.0,1.0,1.0,1.0,1.0,1.0
463,image_0463.jpg,0,1,,1.0,1.0,1.0,1.0,1.0,1.0,1.0
464,image_0464.jpg,0,1,,1.0,1.0,1.0,1.0,1.0,1.0,1.0
465,image_0465.jpg,0,1,,1.0,1.0,1.0,1.0,1.0,1.0,1.0
466,image_0466.jpg,0,1,,1.0,1.0,1.0,1.0,1.0,1.0,1.0
467,image_0467.jpg,0,1,,1.0,1.0,2.0,1.0,1.0,1.0,1.0
468,image_0468.jpg,0,1,,1.0,1.0,2.0,1.0,1.0,1.0,1.0
469,image_0469.jpg,0,1,,1.0,1.0,1.0,1.0,1.0,1.0,1.0
470,image_0470.jpg,0,1,,1.0,1.0,1.0,1.0,1.0,1.0,1.0
471,image_0471.jpg,0,1,,1.0,1.0,1.0,1.0,1.0,1.0,1.0
472,image_0472.jpg,0,1,,1.0,1.0,1.0,1.0,1.0,1.0,1.0
473,image_0473.jpg,0,1,,1.0,1.0,1.0,1.0,1.0,1.0,1.0
474,image_0474.jpg,0,1,,1.0,1.0,1.0,1.0,1.0,1.0,1.0
475,image_0475.jpg,0,1,,1.0,1.0,2.0,1.0,1.0,1.0,1.0
476,image_0476.jpg,0,1,,1.0,1.0,1.0,1.0,1.0,1.0,1.0
477,image_0477.jpg,0,1,,1.0,1.0,2.0,1.0,1.0,1.0,1.0
478,image_0478.jpg,0,1,,1.0,1.0,1.0,1.0,1.0,1.0,1.0
479,image_0479.jpg,0,1,,1.0,1.0,1.0,1.0,1.0,1.0,1.0
480,image_0480.jpg,0,1,,1.0,1.0,2.0,1.0,1.0,1.0,1.0
481,image_0481.jpg,0,1,,1.0,1.0,1.0,1.0,1.0,1.0,1.0
482,image_0482.jpg,1,1,,1.0,1.0,1.0,1.0,1.0,1.0,1.0
483,image_0483.jpg,0,1,,1.0,1.0,1.0,1.0,1.0,1.0,1.0
484,image_0484.jpg,0,1,,1.0,1.0,2.0,1.0,1.0,1.0,1.0
485,image_0485.jpg,0,1,,1.0,1.0,1.0,1.0,1.0,1.0,1.0
486,image_0486.jpg,0,1,,1.0,1.0,1.0,1.0,1.0,1.0,1.0
487,image_0487.jpg,0,1,,1.0,1.0,2.0,1.0,1.0,1.0,1.0
488,image_0488.jpg,1,0,,1.0,1.0,1.0,1.0,1.0,1.0,1.0
489,image_0489.jpg,1,1,,1.0,1.0,1.0,1.0,1.0,1.0,1.0
490,image_0490.jpg,1,1,,1.0,1.0,1.0,1.0,1.0,1.0,1.0
491,image_0491.jpg,1,1,,1.0,1.0,1.0,1.0,1.0,1.0,1.0
492,image_0492.jpg,1,1,,1.0,1.0,1.0,1.0,1.0,2.0,1.0
493,image_0493.jpg,0,0,,1.0,1.0,1.0,1.0,1.0,1.0,1.0
494,image_0494.jpg,0,0,,1.0,1.0,1.0,1.0,1.0,1.0,1.0
495,image_0495.jpg,0,0,,1.0,1.0,1.0,1.0,1.0,1.0,1.0
496,image_0496.jpg,0,0,,1.0,1.0,1.0,1.0,1.0,1.0,1.0
497,image_0497.jpg,0,1,,1.0,1.0,1.0,1.0,1.0,1.0,1.0
498,image_0498.jpg,0,0,,1.0,1.0,1.0,1.0,1.0,1.0,1.0
499,image_0499.jpg,0,0,,1.0,1.0,1.0,1.0,1.0,1.0,1.0
500,image_0500.jpg,1,0,,1.0,1.0,1.0,1.0,1.0,1.0,1.0
501,image_0501.jpg,0,1,,1.0,1.0,1.0,1.0,1.0,1.0,1.0
502,image_0502.jpg,0,1,,1.0,1.0,1.0,1.0,1.0,3.0,1.0
503,image_0503.jpg,0,1,,1.0,1.0,1.0,1.0,1.0,3.0,1.0
504,image_0504.jpg,0,1,,1.0,1.0,1.0,1.0,1.0,1.0,1.0
505,image_0505.jpg,0,0,,1.0,1.0,1.0,1.0,1.0,1.0,1.0
506,image_0506.jpg,0,0,,1.0,1.0,1.0,1.0,1.0,2.0,1.0
507,image_0507.jpg,0,0,,1.0,1.0,1.0,1.0,1.0,3.0,1.0
508,image_0508.jpg,0,0,,1.0,1.0,1.0,1.0,1.0,1.0,1.0
509,image_0509.jpg,0,1,,1.0,1.0,1.0,1.0,1.0,1.0,1.0
510,image_0510.jpg,0,1,,1.0,1.0,1.0,1.0,1.0,1.0,1.0
511,image_0511.jpg,0,0,,1.0,1.0,1.0,1.0,1.0,1.0,1.0
512,image_0512.jpg,0,0,,1.0,1.0,1.0,1.0,1.0,2.0,1.0
513,image_0513.jpg,1,1,,1.0,1.0,1.0,1.0,1.0,2.0,1.0
514,image_0514.jpg,1,1,,1.0,1.0,1.0,1.0,1.0,4.0,1.0
515,image_0515.jpg,1,1,,1.0,1.0,1.0,1.0,1.0,3.0,1.0
516,image_0516.jpg,1,1,,1.0,1.0,1.0,1.0,1.0,3.0,1.0
517,image_0517.jpg,1,1,,1.0,1.0,1.0,1.0,1.0,2.0,2.0
518,image_0518.jpg,1,1,,1.0,2.0,1.0,1.0,1.0,2.0,2.0
519,image_0519.jpg,1,0,,1.0,1.0,1.0,1.0,1.0,4.0,1.0
520,image_0520.jpg,0,0,,1.0,1.0,1.0,1.0,1.0,4.0,2.0
521,image_0521.jpg,0,1,,1.0,1.0,1.0,1.0,1.0,4.0,1.0
522,image_0522.jpg,0,1,,1.0,1.0,1.0,1.0,1.0,4.0,1.0
523,image_0523.jpg,0,1,,1.0,1.0,1.0,1.0,1.0,4.0,1.0
524,image_0524.jpg,0,1,,1.0,1.0,1.0,1.0,1.0,2.0,1.0
525,image_0525.jpg,0,1,,1.0,1.0,1.0,1.0,1.0,1.0,1.0
526,image_0526.jpg,0,1,,1.0,1.0,1.0,1.0,1.0,1.0,1.0
527,image_0527.jpg,0,1,,1.0,1.0,1.0,1.0,1.0,1.0,1.0
528,image_0528.jpg,0,1,,1.0,1.0,1.0,1.0,1.0,1.0,1.0
529,image_0529.jpg,0,1,,1.0,1.0,1.0,1.0,1.0,1.0,1.0
530,image_0530.jpg,1,1,,1.0,1.0,1.0,1.0,1.0,4.0,1.0
531,image_0531.jpg,1,1,,1.0,1.0,1.0,1.0,1.0,4.0,1.0
532,image_0532.jpg,1,1,,1.0,1.0,1.0,1.0,1.0,4.0,1.0
533,image_0533.jpg,1,1,,1.0,1.0,1.0,1.0,1.0,4.0,1.0
534,image_0534.jpg,1,1,,1.0,1.0,1.0,1.0,1.0,4.0,1.0
535,image_0535.jpg,0,0,,1.0,1.0,1.0,1.0,1.0,4.0,2.0
536,image_0536.jpg,0,0,,1.0,1.0,1.0,1.0,2.0,4.0,1.0
537,image_0537.jpg,0,1,,1.0,2.0,1.0,1.0,2.0,4.0,3.0
538,image_0538.jpg,0,0,,1.0,1.0,1.0,1.0,2.0,4.0,1.0
539,image_0539.jpg,0,1,,1.0,1.0,1.0,1.0,1.0,4.0,1.0
540,image_0540.jpg,0,0,,1.0,1.0,1.0,1.0,2.0,4.0,1.0
541,image_0541.jpg,1,0,,1.0,1.0,1.0,1.0,2.0,4.0,2.0
542,image_0542.jpg,0,1,,1.0,1.0,1.0,1.0,1.0,4.0,1.0
543,image_0543.jpg,0,1,,1.0,1.0,1.0,1.0,1.0,2.0,1.0
544,image_0544.jpg,0,1,,1.0,1.0,1.0,1.0,2.0,3.0,1.0
545,image_0545.jpg,0,1,,1.0,1.0,1.0,1.0,1.0,3.0,1.0
546,image_0546.jpg,0,1,,1.0,1.0,1.0,1.0,1.0,4.0,1.0
547,image_0547.jpg,0,1,,1.0,1.0,1.0,1.0,1.0,4.0,1.0
548,image_0548.jpg,0,1,,1.0,1.0,1.0,1.0,1.0,3.0,1.0
549,image_0549.jpg,0,1,,1.0,1.0,1.0,1.0,1.0,3.0,1.0
550,image_0550.jpg,0,1,,1.0,1.0,1.0,1.0,1.0,3.0,1.0
551,image_0551.jpg,1,1,,1.0,1.0,1.0,1.0,1.0,4.0,1.0
552,image_0552.jpg,1,1,,1.0,1.0,1.0,1.0,1.0,3.0,1.0
553,image_0553.jpg,1,0,,1.0,1.0,1.0,2.0,1.0,4.0,1.0
554,image_0554.jpg,1,0,,1.0,1.0,1.0,2.0,1.0,4.0,1.0
555,image_0555.jpg,1,0,,1.0,1.0,1.0,1.0,1.0,4.0,1.0
556,image_0556.jpg,1,0,,1.0,1.0,1.0,1.0,1.0,4.0,1.0
557,image_0557.jpg,1,0,,1.0,2.0,1.0,1.0,3.0,4.0,1.0
558,image_0558.jpg,0,0,,1.0,1.0,2.0,1.0,1.0,1.0,1.0
559,image_0559.jpg,0,0,,1.0,1.0,1.0,1.0,1.0,1.0,1.0
560,image_0560.jpg,0,0,,1.0,1.0,1.0,1.0,1.0,2.0,1.0
561,image_0561.jpg,0,0,,1.0,1.0,2.0,1.0,1.0,1.0,1.0
562,image_0562.jpg,0,0,,1.0,1.0,2.0,1.0,1.0,1.0,1.0
563,image_0563.jpg,0,0,,1.0,1.0,1.0,1.0,1.0,1.0,1.0
564,image_0564.jpg,0,0,,1.0,1.0,1.0,1.0,1.0,3.0,1.0
565,image_0565.jpg,0,1,,1.0,2.0,1.0,1.0,1.0,1.0,1.0
566,image_0566.jpg,1,1,,1.0,1.0,1.0,1.0,1.0,4.0,1.0
567,image_0567.jpg,1,1,,1.0,1.0,1.0,1.0,1.0,4.0,1.0
568,image_0568.jpg,0,1,,1.0,1.0,1.0,1.0,1.0,1.0,1.0
569,image_0569.jpg,0,1,,1.0,1.0,1.0,1.0,1.0,2.0,1.0
570,image_0570.jpg,0,1,,1.0,1.0,1.0,1.0,1.0,2.0,1.0
571,image_0571.jpg,0,0,,1.0,1.0,1.0,1.0,1.0,4.0,1.0
572,image_0572.jpg,0,0,,1.0,1.0,1.0,1.0,1.0,4.0,1.0
573,image_0573.jpg,0,0,,1.0,1.0,1.0,1.0,1.0,4.0,1.0
574,image_0574.jpg,0,1,,1.0,1.0,1.0,1.0,1.0,4.0,1.0
575,image_0575.jpg,0,1,,1.0,1.0,1.0,1.0,1.0,2.0,1.0
576,image_0576.jpg,0,1,,1.0,1.0,1.0,1.0,1.0,2.0,1.0
577,image_0577.jpg,0,0,,1.0,1.0,1.0,1.0,1.0,4.0,1.0
578,image_0578.jpg,0,1,,1.0,1.0,1.0,1.0,1.0,3.0,1.0
579,image_0579.jpg,0,1,,1.0,1.0,1.0,1.0,1.0,2.0,1.0
580,image_0580.jpg,0,1,,1.0,1.0,1.0,1.0,1.0,1.0,1.0
581,image_0581.jpg,0,0,,1.0,2.0,1.0,1.0,2.0,4.0,1.0
582,image_0582.jpg,1,0,,1.0,2.0,1.0,1.0,1.0,3.0,1.0
583,image_0583.jpg,0,1,,1.0,1.0,1.0,1.0,1.0,1.0,1.0
584,image_0584.jpg,0,1,,1.0,1.0,1.0,1.0,1.0,1.0,1.0
585,image_0585.jpg,1,0,,1.0,2.0,1.0,1.0,2.0,4.0,1.0
586,image_0586.jpg,0,1,,1.0,1.0,1.0,1.0,1.0,3.0,1.0
587,image_0587.jpg,0,1,,1.0,1.0,1.0,1.0,1.0,3.0,1.0
588,image_0588.jpg,0,0,,1.0,1.0,1.0,2.0,1.0,1.0,1.0
589,image_0589.jpg,0,1,,1.0,1.0,1.0,1.0,1.0,1.0,1.0
590,image_0590.jpg,1,0,,1.0,2.0,1.0,2.0,1.0,3.0,1.0
591,image_0591.jpg,0,1,,1.0,1.0,1.0,1.0,1.0,1.0,1.0
592,image_0592.jpg,1,1,,1.0,1.0,1.0,1.0,1.0,3.0,1.0
593,image_0593.jpg,0,1,,1.0,1.0,1.0,1.0,1.0,3.0,1.0
594,image_0594.jpg,1,0,,1.0,1.0,1.0,1.0,1.0,1.0,1.0
595,image_0595.jpg,1,0,,1.0,1.0,1.0,1.0,1.0,4.0,1.0
596,image_0596.jpg,0,0,,1.0,1.0,1.0,1.0,1.0,1.0,1.0
597,image_0597.jpg,0,0,,1.0,1.0,1.0,1.0,1.0,1.0,1.0
598,image_0598.jpg,1,1,,1.0,1.0,1.0,1.0,1.0,1.0,1.0
599,image_0599.jpg,0,1,,1.0,1.0,1.0,1.0,1.0,1.0,1.0
600,image_0600.jpg,0,1,,1.0,1.0,1.0,1.0,1.0,1.0,1.0
601,image_0601.jpg,1,1,,1.0,1.0,1.0,1.0,1.0,1.0,1.0
602,image_0602.jpg,0,1,,1.0,1.0,1.0,1.0,1.0,1.0,1.0
603,image_0603.jpg,0,1,,1.0,1.0,1.0,1.0,1.0,1.0,1.0
604,image_0604.jpg,0,1,,1.0,1.0,1.0,1.0,1.0,1.0,1.0
605,image_0605.jpg,0,1,,1.0,1.0,1.0,1.0,1.0,1.0,1.0
606,image_0606.jpg,0,1,,1.0,1.0,1.0,1.0,1.0,1.0,1.0
607,image_0607.jpg,0,1,,1.0,1.0,1.0,1.0,1.0,1.0,1.0
608,image_0608.jpg,0,1,,1.0,1.0,1.0,1.0,1.0,1.0,1.0
609,image_0609.jpg,0,1,,1.0,1.0,1.0,1.0,1.0,1.0,1.0
610,image_0610.jpg,0,1,,1.0,1.0,1.0,1.0,1.0,1.0,1.0
611,image_0611.jpg,0,1,,1.0,1.0,1.0,1.0,1.0,1.0,1.0
612,image_0612.jpg,0,1,,1.0,1.0,1.0,1.0,1.0,1.0,1.0
613,image_0613.jpg,0,1,,1.0,1.0,1.0,1.0,1.0,1.0,1.0
614,image_0614.jpg,0,1,,1.0,1.0,1.0,1.0,1.0,1.0,1.0
615,image_0615.jpg,1,1,,1.0,1.0,1.0,1.0,1.0,1.0,1.0
616,image_0616.jpg,0,1,,1.0,1.0,1.0,1.0,1.0,1.0,1.0
617,image_0617.jpg,1,1,,1.0,1.0,1.0,1.0,1.0,1.0,1.0
618,image_0618.jpg,0,1,,1.0,1.0,1.0,1.0,1.0,1.0,1.0
619,image_0619.jpg,0,1,,1.0,1.0,1.0,1.0,1.0,1.0,1.0
620,image_0620.jpg,1,1,,1.0,1.0,1.0,1.0,1.0,1.0,1.0
621,image_0621.jpg,0,1,,1.0,1.0,1.0,1.0,1.0,1.0,1.0
622,image_0622.jpg,0,1,,1.0,1.0,1.0,1.0,1.0,1.0,1.0
623,image_0623.jpg,0,1,,1.0,1.0,1.0,1.0,1.0,1.0,1.0
624,image_0624.jpg,0,1,,1.0,1.0,1.0,1.0,1.0,1.0,1.0
625,image_0625.jpg,0,1,,1.0,1.0,1.0,1.0,1.0,1.0,1.0
626,image_0626.jpg,0,1,,1.0,1.0,1.0,1.0,1.0,1.0,1.0
627,image_0627.jpg,0,1,,1.0,1.0,1.0,1.0,1.0,1.0,1.0
628,image_0628.jpg,0,1,,1.0,1.0,1.0,1.0,1.0,1.0,1.0
629,image_0629.jpg,0,1,,1.0,1.0,1.0,1.0,1.0,2.0,1.0
630,image_0630.jpg,0,1,,1.0,1.0,1.0,1.0,1.0,1.0,1.0
631,image_0631.jpg,0,0,,1.0,1.0,1.0,1.0,1.0,4.0,1.0
632,image_0632.jpg,0,1,,1.0,1.0,1.0,1.0,1.0,3.0,1.0
633,image_0633.jpg,0,1,,1.0,1.0,1.0,1.0,1.0,1.0,1.0
634,image_0634.jpg,1,1,,1.0,1.0,1.0,1.0,1.0,1.0,1.0
635,image_0635.jpg,0,1,,1.0,1.0,1.0,1.0,1.0,1.0,1.0
636,image_0636.jpg,0,1,,1.0,1.0,1.0,1.0,1.0,1.0,1.0
637,image_0637.jpg,0,1,,1.0,1.0,1.0,1.0,1.0,2.0,1.0
638,image_0638.jpg,0,1,,1.0,1.0,1.0,1.0,1.0,2.0,1.0
639,image_0639.jpg,0,1,,1.0,1.0,1.0,1.0,1.0,3.0,1.0
640,image_0640.jpg,0,1,,1.0,1.0,1.0,1.0,1.0,1.0,1.0
641,image_0641.jpg,1,0,,1.0,3.0,1.0,1.0,1.0,1.0,1.0
642,image_0642.jpg,1,1,,1.0,1.0,1.0,1.0,1.0,1.0,1.0
643,image_0643.jpg,1,1,,1.0,1.0,1.0,1.0,1.0,1.0,1.0
644,image_0644.jpg,1,1,,1.0,1.0,1.0,1.0,1.0,1.0,1.0
645,image_0645.jpg,0,1,,1.0,1.0,1.0,1.0,1.0,1.0,1.0
646,image_0646.jpg,1,1,,1.0,3.0,1.0,1.0,1.0,1.0,1.0
647,image_0647.jpg,0,1,,1.0,1.0,1.0,1.0,1.0,2.0,1.0
648,image_0648.jpg,1,1,,1.0,1.0,1.0,1.0,1.0,2.0,1.0
649,image_0649.jpg,0,1,,1.0,1.0,1.0,1.0,1.0,1.0,1.0
650,image_0650.jpg,1,1,,1.0,1.0,1.0,1.0,1.0,1.0,1.0
651,image_0651.jpg,1,1,,1.0,1.0,1.0,1.0,1.0,1.0,1.0
652,image_0652.jpg,0,1,,1.0,1.0,1.0,1.0,1.0,2.0,1.0
653,image_0653.jpg,0,1,,1.0,3.0,1.0,1.0,1.0,1.0,1.0
654,image_0654.jpg,1,1,,1.0,1.0,1.0,1.0,1.0,1.0,1.0
655,image_0655.jpg,0,1,,1.0,1.0,1.0,1.0,1.0,1.0,1.0
656,image_0656.jpg,0,1,,1.0,1.0,1.0,1.0,1.0,1.0,1.0
657,image_0657.jpg,0,1,,1.0,1.0,1.0,1.0,1.0,1.0,1.0
658,image_0658.jpg,0,1,,1.0,3.0,1.0,1.0,1.0,1.0,1.0
659,image_0659.jpg,0,1,,1.0,1.0,1.0,1.0,1.0,1.0,1.0
660,image_0660.jpg,0,1,,1.0,3.0,1.0,1.0,1.0,1.0,1.0
661,image_0661.jpg,0,1,,1.0,3.0,1.0,1.0,1.0,1.0,1.0
662,image_0662.jpg,0,1,,1.0,3.0,1.0,1.0,1.0,1.0,1.0
663,image_0663.jpg,0,1,,1.0,1.0,1.0,1.0,1.0,1.0,1.0
664,image_0664.jpg,0,1,,1.0,1.0,1.0,1.0,1.0,1.0,1.0
665,image_0665.jpg,0,1,,1.0,3.0,1.0,1.0,1.0,2.0,1.0
666,image_0666.jpg,0,1,,1.0,1.0,1.0,1.0,1.0,1.0,1.0
667,image_0667.jpg,0,1,,1.0,1.0,1.0,1.0,1.0,1.0,1.0
668,image_0668.jpg,0,1,,1.0,1.0,1.0,1.0,1.0,1.0,1.0
669,image_0669.jpg,0,1,,1.0,1.0,1.0,1.0,1.0,1.0,1.0
670,image_0670.jpg,0,0,,1.0,1.0,1.0,1.0,1.0,1.0,1.0
671,image_0671.jpg,0,0,,1.0,1.0,1.0,2.0,1.0,3.0,1.0
672,image_0672.jpg,0,1,,1.0,1.0,1.0,1.0,1.0,1.0,1.0
673,image_0673.jpg,0,1,,1.0,1.0,1.0,1.0,1.0,1.0,1.0
674,image_0674.jpg,0,1,,1.0,1.0,1.0,1.0,1.0,1.0,1.0
675,image_0675.jpg,0,1,,1.0,1.0,1.0,1.0,1.0,1.0,1.0
676,image_0676.jpg,0,1,,1.0,1.0,1.0,1.0,1.0,1.0,1.0
677,image_0677.jpg,0,1,,1.0,1.0,1.0,1.0,1.0,1.0,1.0
678,image_0678.jpg,1,0,,1.0,3.0,1.0,1.0,1.0,1.0,1.0
679,image_0679.jpg,1,0,,1.0,3.0,1.0,1.0,1.0,1.0,1.0
680,image_0680.jpg,0,1,,1.0,1.0,1.0,1.0,1.0,1.0,1.0
681,image_0681.jpg,0,1,,1.0,1.0,1.0,1.0,1.0,1.0,1.0
682,image_0682.jpg,1,1,,1.0,1.0,1.0,1.0,1.0,4.0,1.0
683,image_0683.jpg,0,1,,1.0,1.0,1.0,1.0,1.0,1.0,1.0
684,image_0684.jpg,0,1,,1.0,1.0,1.0,1.0,1.0,1.0,1.0
685,image_0685.jpg,0,1,,1.0,1.0,1.0,1.0,1.0,1.0,1.0
686,image_0686.jpg,0,1,,1.0,1.0,1.0,1.0,1.0,1.0,1.0
687,image_0687.jpg,0,1,,1.0,1.0,1.0,1.0,1.0,1.0,1.0
688,image_0688.jpg,0,1,,1.0,1.0,1.0,1.0,1.0,1.0,1.0
689,image_0689.jpg,1,1,,1.0,1.0,1.0,1.0,1.0,2.0,1.0
690,image_0690.jpg,1,1,,1.0,1.0,1.0,1.0,1.0,3.0,1.0
691,image_0691.jpg,0,1,,1.0,1.0,1.0,1.0,1.0,1.0,1.0
692,image_0692.jpg,0,1,,1.0,1.0,1.0,1.0,1.0,1.0,1.0
693,image_0693.jpg,0,1,,1.0,1.0,1.0,1.0,1.0,1.0,1.0
694,image_0694.jpg,0,1,,1.0,1.0,1.0,1.0,1.0,1.0,1.0
695,image_0695.jpg,0,1,,1.0,1.0,1.0,1.0,1.0,1.0,1.0
696,image_0696.jpg,0,1,,1.0,1.0,1.0,1.0,1.0,1.0,1.0
697,image_0697.jpg,0,0,,1.0,1.0,1.0,1.0,1.0,3.0,1.0
698,image_0698.jpg,0,1,,1.0,1.0,2.0,1.0,1.0,1.0,1.0
699,image_0699.jpg,0,1,,1.0,1.0,1.0,1.0,1.0,1.0,1.0
700,image_0700.jpg,0,1,,1.0,1.0,1.0,1.0,1.0,1.0,1.0
701,image_0701.jpg,0,1,,1.0,1.0,1.0,1.0,1.0,1.0,1.0
702,image_0702.jpg,1,0,,1.0,1.0,1.0,1.0,1.0,1.0,1.0
703,image_0703.jpg,0,1,,1.0,1.0,1.0,1.0,1.0,1.0,1.0
704,image_0704.jpg,0,1,,1.0,3.0,1.0,1.0,1.0,1.0,1.0
705,image_0705.jpg,0,1,,1.0,1.0,1.0,1.0,1.0,1.0,1.0
706,image_0706.jpg,0,1,,1.0,1.0,1.0,1.0,1.0,1.0,1.0
707,image_0707.jpg,0,1,,1.0,1.0,1.0,1.0,1.0,1.0,1.0
708,image_0708.jpg,0,1,,1.0,1.0,1.0,1.0,1.0,1.0,1.0
709,image_0709.jpg,0,1,,1.0,1.0,1.0,1.0,1.0,1.0,1.0
710,image_0710.jpg,0,1,,1.0,1.0,1.0,1.0,1.0,1.0,1.0
711,image_0711.jpg,0,1,,1.0,1.0,1.0,1.0,1.0,1.0,1.0
712,image_0712.jpg,0,1,,1.0,1.0,1.0,1.0,1.0,1.0,1.0
713,image_0713.jpg,0,1,,1.0,1.0,1.0,1.0,1.0,1.0,1.0
714,image_0714.jpg,1,1,,1.0,3.0,1.0,1.0,1.0,1.0,1.0
715,image_0715.jpg,1,1,,1.0,1.0,1.0,1.0,1.0,2.0,1.0
716,image_0716.jpg,0,1,,1.0,1.0,1.0,1.0,1.0,1.0,1.0
717,image_0717.jpg,0,1,,1.0,1.0,1.0,1.0,1.0,1.0,1.0
718,image_0718.jpg,0,1,,1.0,1.0,1.0,1.0,1.0,1.0,1.0
719,image_0719.jpg,1,1,,1.0,1.0,1.0,1.0,1.0,1.0,1.0
720,image_0720.jpg,0,1,,1.0,1.0,1.0,1.0,1.0,1.0,1.0
721,image_0721.jpg,0,1,,1.0,1.0,1.0,1.0,1.0,1.0,1.0
722,image_0722.jpg,0,1,,1.0,1.0,1.0,1.0,1.0,1.0,1.0
723,image_0723.jpg,0,1,,1.0,1.0,1.0,1.0,1.0,1.0,1.0
724,image_0724.jpg,0,1,,1.0,1.0,1.0,1.0,1.0,1.0,1.0
725,image_0725.jpg,0,1,,1.0,1.0,1.0,1.0,1.0,1.0,1.0
726,image_0726.jpg,0,1,,1.0,1.0,1.0,1.0,1.0,1.0,1.0
727,image_0727.jpg,0,1,,1.0,1.0,1.0,1.0,1.0,1.0,1.0
728,image_0728.jpg,0,1,,1.0,1.0,2.0,1.0,1.0,1.0,1.0
729,image_0729.jpg,0,1,,1.0,1.0,2.0,1.0,1.0,1.0,1.0
730,image_0730.jpg,0,1,,1.0,1.0,1.0,1.0,1.0,1.0,1.0
731,image_0731.jpg,0,1,,1.0,1.0,1.0,1.0,1.0,1.0,1.0
732,image_0732.jpg,0,1,,1.0,1.0,1.0,1.0,1.0,1.0,1.0
733,image_0733.jpg,0,1,,1.0,1.0,1.0,1.0,1.0,1.0,1.0
734,image_0734.jpg,0,1,,1.0,1.0,1.0,1.0,1.0,1.0,1.0
735,image_0735.jpg,0,1,,1.0,1.0,1.0,1.0,1.0,1.0,1.0
736,image_0736.jpg,0,1,,1.0,1.0,1.0,1.0,1.0,1.0,1.0
737,image_0737.jpg,0,1,,1.0,1.0,1.0,1.0,1.0,1.0,1.0
738,image_0738.jpg,0,1,,1.0,1.0,1.0,1.0,1.0,1.0,1.0
739,image_0739.jpg,0,1,,1.0,1.0,1.0,1.0,1.0,1.0,1.0
740,image_0740.jpg,0,1,,1.0,1.0,1.0,1.0,1.0,1.0,1.0
741,image_0741.jpg,0,1,,1.0,1.0,1.0,1.0,1.0,4.0,1.0
742,image_0742.jpg,0,1,,1.0,1.0,1.0,1.0,1.0,4.0,1.0
743,image_0743.jpg,0,1,,1.0,1.0,1.0,1.0,2.0,4.0,1.0
744,image_0744.jpg,0,0,,1.0,1.0,1.0,1.0,2.0,4.0,1.0
745,image_0745.jpg,0,1,,1.0,1.0,1.0,1.0,1.0,1.0,1.0
746,image_0746.jpg,0,1,,1.0,1.0,1.0,1.0,1.0,1.0,1.0
747,image_0747.jpg,0,1,,1.0,1.0,1.0,1.0,1.0,1.0,1.0
748,image_0748.jpg,0,1,,1.0,1.0,1.0,1.0,1.0,1.0,1.0
749,image_0749.jpg,0,1,,1.0,1.0,1.0,1.0,1.0,1.0,1.0
750,image_0750.jpg,0,1,,1.0,1.0,1.0,1.0,1.0,1.0,1.0
751,image_0751.jpg,0,1,,1.0,1.0,1.0,1.0,1.0,1.0,1.0
752,image_0752.jpg,0,1,,1.0,1.0,1.0,1.0,1.0,2.0,1.0
753,image_0753.jpg,0,1,,1.0,1.0,1.0,1.0,1.0,1.0,1.0
754,image_0754.jpg,0,1,,1.0,1.0,1.0,1.0,1.0,1.0,1.0
755,image_0755.jpg,0,1,,1.0,1.0,1.0,1.0,1.0,1.0,1.0
756,image_0756.jpg,0,1,,1.0,1.0,1.0,1.0,1.0,1.0,1.0
757,image_0757.jpg,0,1,,1.0,1.0,1.0,1.0,1.0,1.0,1.0
758,image_0758.jpg,0,1,,1.0,1.0,1.0,1.0,1.0,1.0,1.0
759,image_0759.jpg,0,1,,1.0,1.0,1.0,1.0,1.0,1.0,1.0
760,image_0760.jpg,0,1,,1.0,1.0,1.0,1.0,1.0,1.0,1.0
761,image_0761.jpg,0,1,,1.0,1.0,1.0,1.0,1.0,1.0,1.0
762,image_0762.jpg,0,1,,1.0,1.0,1.0,1.0,1.0,1.0,1.0
763,image_0763.jpg,0,1,,1.0,1.0,1.0,1.0,1.0,1.0,1.0
764,image_0764.jpg,0,1,,1.0,1.0,1.0,1.0,1.0,1.0,1.0
765,image_0765.jpg,0,1,,1.0,1.0,1.0,1.0,1.0,1.0,1.0
766,image_0766.jpg,0,1,,1.0,1.0,1.0,1.0,1.0,1.0,1.0
767,image_0767.jpg,0,1,,1.0,1.0,1.0,1.0,1.0,1.0,1.0
768,image_0768.jpg,0,1,,1.0,1.0,1.0,1.0,1.0,1.0,1.0
769,image_0769.jpg,0,1,,1.0,1.0,1.0,1.0,1.0,1.0,1.0
770,image_0770.jpg,0,1,,1.0,1.0,1.0,1.0,1.0,1.0,1.0
771,image_0771.jpg,0,1,,1.0,1.0,1.0,1.0,1.0,1.0,1.0
772,image_0772.jpg,0,1,,1.0,1.0,1.0,1.0,1.0,1.0,1.0
773,image_0773.jpg,0,1,,1.0,1.0,1.0,1.0,1.0,1.0,1.0
774,image_0774.jpg,0,1,,1.0,1.0,1.0,1.0,1.0,1.0,1.0
775,image_0775.jpg,0,1,,1.0,1.0,1.0,1.0,1.0,1.0,1.0
776,image_0776.jpg,0,1,,1.0,1.0,1.0,1.0,1.0,1.0,1.0
777,image_0777.jpg,0,1,,1.0,1.0,1.0,1.0,1.0,1.0,1.0
778,image_0778.jpg,0,1,,1.0,1.0,1.0,1.0,1.0,1.0,1.0
779,image_0779.jpg,0,1,,1.0,1.0,1.0,1.0,1.0,1.0,1.0
780,image_0780.jpg,0,1,,1.0,1.0,1.0,1.0,1.0,1.0,1.0
781,image_0781.jpg,0,1,,1.0,1.0,1.0,1.0,1.0,1.0,1.0
782,image_0782.jpg,1,1,,1.0,1.0,1.0,1.0,1.0,1.0,1.0
783,image_0783.jpg,0,1,,1.0,1.0,1.0,1.0,1.0,1.0,1.0
784,image_0784.jpg,1,1,,1.0,1.0,1.0,1.0,1.0,1.0,1.0
785,image_0785.jpg,0,1,,1.0,1.0,1.0,1.0,1.0,1.0,1.0
786,image_0786.jpg,0,1,,1.0,1.0,1.0,1.0,1.0,1.0,1.0
787,image_0787.jpg,0,1,,1.0,1.0,1.0,1.0,1.0,1.0,1.0
788,image_0788.jpg,0,1,,1.0,1.0,1.0,1.0,1.0,1.0,1.0
789,image_0789.jpg,0,1,,1.0,1.0,1.0,1.0,1.0,1.0,1.0
790,image_0790.jpg,0,1,,1.0,1.0,1.0,1.0,1.0,1.0,1.0
791,image_0791.jpg,0,1,,1.0,1.0,1.0,1.0,1.0,1.0,1.0
792,image_0792.jpg,0,1,,1.0,1.0,1.0,1.0,1.0,1.0,1.0
793,image_0793.jpg,0,1,,1.0,1.0,1.0,1.0,1.0,1.0,1.0
794,image_0794.jpg,0,1,,1.0,1.0,1.0,1.0,1.0,1.0,1.0
795,image_0795.jpg,0,1,,1.0,1.0,1.0,1.0,1.0,1.0,1.0
796,image_0796.jpg,0,1,,1.0,1.0,1.0,1.0,1.0,1.0,1.0
797,image_0797.jpg,0,1,,1.0,1.0,1.0,1.0,1.0,1.0,1.0
798,image_0798.jpg,0,1,,1.0,1.0,1.0,1.0,1.0,1.0,1.0
799,image_0799.jpg,0,1,,1.0,1.0,1.0,1.0,1.0,2.0,1.0
800,image_0800.jpg,0,1,,1.0,1.0,1.0,1.0,1.0,2.0,1.0
801,image_0801.jpg,0,1,,1.0,1.0,1.0,1.0,1.0,1.0,1.0
802,image_0802.jpg,0,1,,1.0,1.0,1.0,1.0,1.0,1.0,1.0
803,image_0803.jpg,0,1,,1.0,1.0,1.0,1.0,1.0,1.0,1.0
804,image_0804.jpg,0,1,,1.0,1.0,1.0,1.0,1.0,1.0,1.0
805,image_0805.jpg,0,1,,1.0,1.0,1.0,1.0,1.0,1.0,1.0
806,image_0806.jpg,0,1,,1.0,1.0,1.0,1.0,1.0,1.0,1.0
807,image_0807.jpg,0,1,,1.0,1.0,1.0,1.0,1.0,1.0,1.0
808,image_0808.jpg,0,1,,1.0,1.0,1.0,1.0,1.0,1.0,1.0
809,image_0809.jpg,0,1,,1.0,1.0,1.0,1.0,1.0,3.0,1.0
810,image_0810.jpg,0,1,,1.0,1.0,1.0,1.0,1.0,2.0,1.0
811,image_0811.jpg,0,1,,1.0,1.0,1.0,1.0,1.0,3.0,1.0
812,image_0812.jpg,0,1,,1.0,1.0,1.0,1.0,1.0,1.0,1.0
813,image_0813.jpg,0,1,,1.0,1.0,1.0,1.0,1.0,1.0,1.0
814,image_0814.jpg,0,1,,1.0,1.0,1.0,1.0,1.0,1.0,1.0
815,image_0815.jpg,0,1,,1.0,1.0,1.0,1.0,1.0,1.0,1.0
816,image_0816.jpg,0,1,,1.0,1.0,1.0,1.0,1.0,1.0,1.0
817,image_0817.jpg,0,1,,1.0,1.0,1.0,1.0,1.0,1.0,1.0
818,image_0818.jpg,0,1,,1.0,1.0,1.0,1.0,1.0,1.0,1.0
819,image_0819.jpg,0,1,,1.0,1.0,1.0,1.0,1.0,1.0,1.0
820,image_0820.jpg,0,1,,1.0,1.0,1.0,1.0,1.0,1.0,1.0
821,image_0821.jpg,0,1,,1.0,1.0,1.0,1.0,1.0,1.0,1.0
822,image_0822.jpg,0,1,,1.0,1.0,1.0,1.0,1.0,1.0,1.0
823,image_0823.jpg,0,1,,1.0,1.0,1.0,1.0,1.0,1.0,1.0
824,image_0824.jpg,0,1,,1.0,1.0,1.0,1.0,1.0,1.0,1.0
825,image_0825.jpg,0,1,,1.0,1.0,1.0,1.0,1.0,1.0,1.0
826,image_0826.jpg,0,1,,1.0,1.0,1.0,1.0,1.0,1.0,1.0
827,image_0827.jpg,0,1,,1.0,1.0,1.0,1.0,1.0,1.0,1.0
828,image_0828.jpg,0,1,,1.0,1.0,1.0,1.0,1.0,1.0,1.0
829,image_0829.jpg,0,1,,1.0,1.0,1.0,1.0,1.0,1.0,1.0
830,image_0830.jpg,0,1,,1.0,1.0,1.0,1.0,1.0,1.0,1.0
831,image_0831.jpg,0,1,,1.0,1.0,1.0,1.0,1.0,1.0,1.0
832,image_0832.jpg,0,1,,1.0,1.0,1.0,1.0,1.0,1.0,1.0
833,image_0833.jpg,0,1,,1.0,1.0,1.0,1.0,1.0,1.0,1.0
834,image_0834.jpg,0,1,,1.0,1.0,1.0,1.0,1.0,1.0,1.0
835,image_0835.jpg,0,1,,1.0,1.0,1.0,1.0,1.0,1.0,1.0
836,image_0836.jpg,0,1,,1.0,1.0,1.0,1.0,1.0,1.0,1.0
837,image_0837.jpg,0,1,,1.0,1.0,1.0,1.0,1.0,1.0,1.0
838,image_0838.jpg,0,1,,1.0,1.0,1.0,1.0,1.0,2.0,1.0
839,image_0839.jpg,0,1,,1.0,1.0,1.0,1.0,1.0,1.0,1.0
840,image_0840.jpg,0,1,,1.0,1.0,1.0,1.0,1.0,1.0,1.0
841,image_0841.jpg,0,1,,1.0,1.0,1.0,1.0,1.0,1.0,1.0
842,image_0842.jpg,0,1,,1.0,1.0,1.0,1.0,1.0,1.0,1.0
843,image_0843.jpg,0,1,,1.0,1.0,1.0,1.0,1.0,1.0,1.0
844,image_0844.jpg,0,1,,1.0,1.0,1.0,1.0,1.0,1.0,1.0
845,image_0845.jpg,0,1,,1.0,1.0,1.0,2.0,1.0,4.0,1.0
846,image_0846.jpg,0,0,,1.0,1.0,1.0,1.0,1.0,1.0,1.0
847,image_0847.jpg,0,1,,1.0,1.0,1.0,1.0,1.0,1.0,1.0
848,image_0848.jpg,0,1,,1.0,1.0,1.0,1.0,1.0,1.0,1.0
849,image_0849.jpg,0,1,,1.0,1.0,1.0,1.0,1.0,1.0,1.0
850,image_0850.jpg,0,1,,1.0,1.0,1.0,1.0,1.0,1.0,1.0
851,image_0851.jpg,0,1,,1.0,1.0,1.0,1.0,1.0,1.0,1.0
852,image_0852.jpg,0,1,,1.0,1.0,1.0,1.0,1.0,1.0,1.0
853,image_0853.jpg,0,1,,1.0,1.0,1.0,1.0,1.0,1.0,1.0
854,image_0854.jpg,0,1,,1.0,1.0,1.0,1.0,1.0,1.0,1.0
855,image_0855.jpg,0,1,,1.0,1.0,1.0,1.0,1.0,1.0,1.0
856,image_0856.jpg,0,1,,1.0,1.0,1.0,1.0,1.0,1.0,1.0
857,image_0857.jpg,0,1,,1.0,1.0,1.0,1.0,1.0,1.0,1.0
858,image_0858.jpg,0,1,,1.0,1.0,1.0,1.0,1.0,1.0,1.0
859,image_0859.jpg,0,1,,1.0,1.0,1.0,1.0,1.0,1.0,1.0
860,image_0860.jpg,0,1,,1.0,1.0,1.0,1.0,1.0,1.0,1.0
861,image_0861.jpg,0,1,,1.0,1.0,1.0,1.0,1.0,1.0,1.0
862,image_0862.jpg,0,1,,1.0,1.0,1.0,1.0,1.0,1.0,1.0
863,image_0863.jpg,0,1,,1.0,1.0,1.0,1.0,1.0,1.0,1.0
864,image_0864.jpg,0,1,,1.0,1.0,1.0,1.0,1.0,1.0,1.0
865,image_0865.jpg,0,1,,1.0,1.0,1.0,1.0,1.0,1.0,1.0
866,image_0866.jpg,0,1,,1.0,1.0,1.0,1.0,1.0,1.0,1.0
867,image_0867.jpg,0,1,,1.0,1.0,1.0,1.0,1.0,1.0,1.0
868,image_0868.jpg,0,1,,1.0,1.0,1.0,1.0,1.0,1.0,1.0
869,image_0869.jpg,0,1,,1.0,1.0,1.0,1.0,1.0,1.0,1.0
870,image_0870.jpg,0,1,,1.0,1.0,1.0,1.0,1.0,1.0,1.0
871,image_0871.jpg,0,1,,1.0,1.0,1.0,1.0,1.0,1.0,1.0
872,image_0872.jpg,0,1,,1.0,1.0,1.0,1.0,1.0,1.0,1.0
873,image_0873.jpg,0,1,,1.0,1.0,1.0,1.0,1.0,1.0,1.0
874,image_0874.jpg,0,1,,1.0,1.0,1.0,1.0,1.0,1.0,1.0
875,image_0875.jpg,0,1,,1.0,1.0,1.0,1.0,1.0,1.0,1.0
876,image_0876.jpg,0,1,,1.0,1.0,1.0,1.0,1.0,1.0,1.0
877,image_0877.jpg,0,1,,1.0,1.0,1.0,1.0,1.0,1.0,1.0
878,image_0878.jpg,0,1,,1.0,1.0,1.0,1.0,1.0,1.0,1.0
879,image_0879.jpg,0,1,,1.0,1.0,1.0,1.0,1.0,1.0,1.0
880,image_0880.jpg,0,1,,1.0,1.0,1.0,1.0,1.0,1.0,1.0
881,image_0881.jpg,0,1,,1.0,1.0,1.0,1.0,1.0,1.0,1.0
882,image_0882.jpg,0,1,,1.0,1.0,1.0,1.0,1.0,1.0,1.0
883,image_0883.jpg,0,0,,1.0,1.0,1.0,1.0,1.0,1.0,1.0
884,image_0884.jpg,0,1,,1.0,1.0,1.0,1.0,1.0,1.0,1.0
885,image_0885.jpg,0,1,,1.0,1.0,1.0,1.0,1.0,1.0,1.0
886,image_0886.jpg,0,1,,1.0,1.0,1.0,1.0,1.0,1.0,1.0
887,image_0887.jpg,0,1,,1.0,1.0,1.0,1.0,1.0,1.0,1.0
888,image_0888.jpg,0,1,,1.0,1.0,1.0,1.0,1.0,1.0,1.0
889,image_0889.jpg,0,1,,1.0,1.0,1.0,1.0,1.0,4.0,1.0
890,image_0890.jpg,0,1,,1.0,1.0,1.0,1.0,1.0,3.0,1.0
891,image_0891.jpg,0,1,,1.0,1.0,1.0,1.0,1.0,1.0,1.0
892,image_0892.jpg,0,1,,1.0,1.0,1.0,1.0,1.0,1.0,1.0
893,image_0893.jpg,0,1,,1.0,1.0,1.0,1.0,1.0,1.0,1.0
894,image_0894.jpg,0,1,,1.0,1.0,1.0,1.0,1.0,1.0,1.0
895,image_0895.jpg,0,1,,1.0,1.0,1.0,1.0,1.0,1.0,1.0
896,image_0896.jpg,0,1,,1.0,1.0,1.0,1.0,1.0,1.0,1.0
897,image_0897.jpg,0,1,,1.0,1.0,1.0,1.0,1.0,1.0,1.0
898,image_0898.jpg,0,1,,1.0,1.0,1.0,1.0,1.0,1.0,1.0
899,image_0899.jpg,0,1,,1.0,1.0,1.0,1.0,1.0,1.0,1.0
900,image_0900.jpg,0,1,,1.0,1.0,1.0,1.0,1.0,1.0,1.0
901,image_0901.jpg,0,1,,1.0,1.0,1.0,1.0,1.0,1.0,1.0
902,image_0902.jpg,0,1,,1.0,1.0,1.0,1.0,1.0,1.0,1.0
903,image_0903.jpg,0,1,,1.0,1.0,1.0,1.0,1.0,1.0,1.0
904,image_0904.jpg,0,0,,1.0,1.0,1.0,1.0,1.0,4.0,1.0
905,image_0905.jpg,0,1,,1.0,1.0,1.0,1.0,1.0,1.0,1.0
906,image_0906.jpg,0,1,,1.0,1.0,1.0,1.0,1.0,1.0,1.0
907,image_0907.jpg,1,1,,1.0,1.0,1.0,1.0,1.0,1.0,1.0
908,image_0908.jpg,1,1,,1.0,1.0,1.0,1.0,1.0,1.0,1.0
909,image_0909.jpg,1,1,,1.0,1.0,1.0,1.0,1.0,1.0,1.0
910,image_0910.jpg,0,1,,1.0,1.0,1.0,1.0,1.0,1.0,1.0
911,image_0911.jpg,1,1,,1.0,1.0,2.0,1.0,1.0,1.0,1.0
912,image_0912.jpg,0,1,,1.0,1.0,2.0,1.0,1.0,1.0,1.0
913,image_0913.jpg,0,1,,1.0,1.0,1.0,1.0,1.0,1.0,1.0
914,image_0914.jpg,0,1,,1.0,1.0,2.0,1.0,1.0,1.0,1.0
915,image_0915.jpg,1,1,,1.0,1.0,1.0,1.0,1.0,1.0,1.0
916,image_0916.jpg,0,1,,1.0,1.0,2.0,1.0,1.0,1.0,1.0
917,image_0917.jpg,0,1,,1.0,1.0,2.0,1.0,1.0,1.0,1.0
918,image_0918.jpg,0,0,,1.0,1.0,1.0,1.0,1.0,1.0,1.0
919,image_0919.jpg,1,1,,1.0,1.0,1.0,1.0,1.0,1.0,1.0
920,image_0920.jpg,1,1,,1.0,1.0,1.0,1.0,1.0,1.0,1.0
921,image_0921.jpg,1,1,,1.0,1.0,1.0,1.0,1.0,1.0,1.0
922,image_0922.jpg,0,1,,1.0,1.0,1.0,1.0,1.0,1.0,1.0
923,image_0923.jpg,1,1,,1.0,1.0,1.0,1.0,1.0,1.0,1.0
924,image_0924.jpg,1,1,,1.0,1.0,1.0,1.0,1.0,1.0,1.0
925,image_0925.jpg,1,1,,1.0,1.0,1.0,1.0,1.0,2.0,1.0
926,image_0926.jpg,0,1,,1.0,1.0,1.0,1.0,1.0,1.0,1.0
927,image_0927.jpg,1,0,,1.0,1.0,1.0,1.0,2.0,4.0,1.0
928,image_0928.jpg,1,1,,1.0,1.0,1.0,1.0,1.0,2.0,1.0
929,image_0929.jpg,0,1,,1.0,1.0,1.0,1.0,1.0,1.0,1.0
930,image_0930.jpg,0,1,,1.0,1.0,1.0,1.0,1.0,1.0,1.0
931,image_0931.jpg,0,1,,1.0,1.0,1.0,1.0,1.0,2.0,1.0
932,image_0932.jpg,0,1,,1.0,1.0,1.0,1.0,1.0,1.0,1.0
933,image_0933.jpg,0,1,,1.0,1.0,1.0,1.0,1.0,3.0,1.0
934,image_0934.jpg,0,1,,1.0,1.0,1.0,1.0,1.0,1.0,1.0
935,image_0935.jpg,0,1,,1.0,1.0,1.0,1.0,1.0,1.0,1.0
936,image_0936.jpg,1,1,,1.0,1.0,1.0,1.0,1.0,2.0,1.0
937,image_0937.jpg,0,1,,1.0,1.0,1.0,1.0,1.0,1.0,1.0
938,image_0938.jpg,0,1,,1.0,1.0,1.0,1.0,1.0,1.0,1.0
939,image_0939.jpg,0,1,,1.0,1.0,1.0,1.0,1.0,1.0,1.0
940,image_0940.jpg,1,1,,1.0,1.0,1.0,1.0,1.0,1.0,1.0
941,image_0941.jpg,0,1,,1.0,1.0,1.0,1.0,1.0,1.0,1.0
942,image_0942.jpg,0,1,,1.0,1.0,1.0,1.0,1.0,1.0,1.0
943,image_0943.jpg,0,1,,1.0,1.0,1.0,1.0,1.0,1.0,1.0
944,image_0944.jpg,0,1,,1.0,1.0,1.0,1.0,1.0,2.0,1.0
945,image_0945.jpg,0,1,,1.0,1.0,1.0,1.0,1.0,1.0,1.0
946,image_0946.jpg,1,1,,1.0,1.0,1.0,1.0,1.0,1.0,1.0
947,image_0947.jpg,0,1,,1.0,1.0,1.0,1.0,1.0,1.0,1.0
948,image_0948.jpg,0,1,,1.0,1.0,1.0,1.0,1.0,1.0,1.0
949,image_0949.jpg,0,1,,1.0,1.0,1.0,1.0,1.0,1.0,1.0
950,image_0950.jpg,1,1,,1.0,1.0,1.0,1.0,1.0,1.0,1.0
951,image_0951.jpg,0,1,,1.0,1.0,1.0,1.0,1.0,1.0,1.0
952,image_0952.jpg,0,1,,1.0,1.0,1.0,1.0,1.0,1.0,1.0
953,image_0953.jpg,0,1,,1.0,1.0,1.0,1.0,1.0,1.0,1.0
954,image_0954.jpg,0,1,,1.0,1.0,1.0,1.0,1.0,1.0,1.0
955,image_0955.jpg,0,1,,1.0,1.0,1.0,1.0,1.0,1.0,1.0
956,image_0956.jpg,0,1,,1.0,1.0,1.0,1.0,1.0,1.0,1.0
957,image_0957.jpg,0,1,,1.0,1.0,1.0,1.0,1.0,1.0,1.0
958,image_0958.jpg,1,0,,1.0,1.0,1.0,1.0,1.0,3.0,1.0
959,image_0959.jpg,0,1,,1.0,1.0,1.0,1.0,1.0,1.0,1.0
960,image_0960.jpg,0,1,,1.0,1.0,1.0,1.0,1.0,1.0,1.0
961,image_0961.jpg,0,1,,1.0,1.0,1.0,1.0,1.0,1.0,1.0
962,image_0962.jpg,0,1,,1.0,1.0,1.0,1.0,1.0,1.0,1.0
963,image_0963.jpg,0,1,,1.0,1.0,1.0,1.0,1.0,1.0,1.0
964,image_0964.jpg,1,0,,1.0,1.0,1.0,1.0,1.0,1.0,1.0
965,image_0965.jpg,1,0,,1.0,1.0,1.0,1.0,1.0,1.0,1.0
966,image_0966.jpg,0,1,,1.0,1.0,1.0,1.0,1.0,1.0,1.0
967,image_0967.jpg,1,1,,1.0,1.0,1.0,1.0,1.0,1.0,1.0
968,image_0968.jpg,0,1,,1.0,1.0,1.0,1.0,1.0,1.0,1.0
969,image_0969.jpg,0,1,,1.0,1.0,1.0,1.0,1.0,1.0,1.0
970,image_0970.jpg,0,1,,1.0,1.0,2.0,1.0,1.0,1.0,1.0
971,image_0971.jpg,0,1,,1.0,1.0,1.0,1.0,1.0,1.0,1.0
972,image_0972.jpg,1,0,,1.0,1.0,1.0,1.0,1.0,1.0,1.0
973,image_0973.jpg,1,1,,1.0,1.0,1.0,1.0,1.0,1.0,1.0
974,image_0974.jpg,1,1,,1.0,1.0,1.0,1.0,1.0,1.0,1.0
975,image_0975.jpg,0,1,,1.0,1.0,1.0,1.0,1.0,1.0,1.0
976,image_0976.jpg,0,1,,1.0,1.0,1.0,1.0,1.0,1.0,1.0
977,image_0977.jpg,0,1,,1.0,1.0,1.0,1.0,1.0,1.0,1.0
978,image_0978.jpg,0,1,,1.0,1.0,1.0,1.0,1.0,1.0,1.0
979,image_0979.jpg,0,1,,1.0,1.0,1.0,1.0,1.0,1.0,1.0
980,image_0980.jpg,0,1,,1.0,1.0,1.0,1.0,1.0,1.0,1.0
981,image_0981.jpg,0,1,,1.0,1.0,1.0,1.0,1.0,1.0,1.0
982,image_0982.jpg,0,1,,1.0,1.0,2.0,1.0,1.0,1.0,1.0
983,image_0983.jpg,0,1,,1.0,1.0,1.0,1.0,1.0,1.0,1.0
984,image_0984.jpg,1,1,,1.0,1.0,1.0,1.0,1.0,1.0,1.0
985,image_0985.jpg,0,1,,1.0,1.0,1.0,1.0,1.0,1.0,1.0
986,image_0986.jpg,0,1,,1.0,1.0,1.0,1.0,1.0,1.0,1.0
987,image_0987.jpg,0,1,,1.0,1.0,1.0,1.0,1.0,1.0,1.0
988,image_0988.jpg,0,1,,1.0,1.0,1.0,1.0,1.0,1.0,1.0
989,image_0989.jpg,1,0,,1.0,1.0,1.0,1.0,1.0,1.0,1.0
990,image_0990.jpg,1,0,,1.0,1.0,1.0,1.0,1.0,1.0,1.0
991,image_0991.jpg,0,0,,1.0,1.0,1.0,1.0,1.0,1.0,1.0
992,image_0992.jpg,1,0,,1.0,1.0,1.0,1.0,1.0,1.0,1.0
